{"stats":{"minecraft:used":{"minecraft:tropical_fish":2,"minecraft:dried_kelp":8,"minecraft:poppy":1,"minecraft:iron_sword":22,"minecraft:rotten_flesh":1,"minecraft:dirt":4,"grimoireofgaia:honeydew":1,"minecraft:wooden_axe":134,"minecraft:jungle_log":10,"minecraft:goat_horn":1,"minecraft:furnace":2,"tombstone:gift":2,"grimoireofgaia:meat":2,"minecraft:cooked_mutton":2,"minecraft:birch_planks":3,"minecraft:stone_pickaxe":75,"minecraft:wooden_pickaxe":26,"minecraft:birch_boat":2,"minecraft:crafting_table":9,"minecraft:mushroom_stew":8,"minecraft:smoker":1,"travelersbackpack:white_sleeping_bag":4,"minecraft:stone_axe":311,"minecraft:wooden_sword":85,"minecraft:cooked_porkchop":2},"minecraft:picked_up":{"minecraft:wooden_axe":1,"minecraft:cocoa_beans":3,"minecraft:crafting_table":6,"minecraft:chicken":5,"minecraft:brown_mushroom":15,"minecraft:wooden_pickaxe":1,"minecraft:shield":2,"minecraft:iron_leggings":1,"minecraft:gold_nugget":1,"grimoireofgaia:honeydew":2,"minecraft:spruce_planks":1,"minecraft:beef":29,"minecraft:jungle_sapling":8,"minecraft:iron_nugget":11,"minecraft:poppy":2,"minecraft:sugar_cane":4,"minecraft:birch_sapling":17,"minecraft:iron_boots":2,"minecraft:furnace":1,"grimoireofgaia:taproot":1,"minecraft:dark_oak_sapling":3,"minecraft:stick":15,"minecraft:raw_iron":22,"grimoireofgaia:meat":2,"minecraft:acacia_log":15,"minecraft:porkchop":21,"minecraft:dried_kelp":1,"minecraft:dark_oak_planks":1,"minecraft:arrow":1,"minecraft:rotten_flesh":1,"minecraft:tropical_fish":2,"minecraft:mutton":20,"minecraft:cobblestone":57,"minecraft:white_wool":11,"minecraft:birch_log":47,"minecraft:feather":3,"minecraft:salmon":1,"minecraft:jungle_log":121,"minecraft:leather":11,"minecraft:smoker":1,"minecraft:red_mushroom":5,"minecraft:birch_planks":3,"minecraft:mushroom_stew":4,"minecraft:oak_log":4,"minecraft:dirt":6,"minecraft:bone":4,"minecraft:kelp":19,"minecraft:wheat_seeds":3,"minecraft:bamboo":15,"minecraft:moss_block":1,"minecraft:acacia_sapling":3,"minecraft:cooked_porkchop":4,"minecraft:birch_boat":2,"twilightforest:time_log":1,"minecraft:dark_oak_log":35,"grimoireofgaia:shiny_pearl":1,"travelersbackpack:white_sleeping_bag":4,"minecraft:bundle":1,"minecraft:iron_helmet":1,"minecraft:bone_meal":2,"minecraft:oak_sapling":1,"minecraft:black_wool":1,"minecraft:coal":54,"minecraft:ender_pearl":1},"minecraft:broken":{"minecraft:wooden_sword":1,"minecraft:stone_axe":3,"minecraft:wooden_axe":1},"minecraft:dropped":{"minecraft:iron_ingot":1,"minecraft:moss_block":1,"minecraft:wheat_seeds":1,"minecraft:cooked_porkchop":4,"minecraft:cobblestone":13,"grimoireofgaia:shiny_pearl":1,"minecraft:wooden_axe":1,"grimoireofgaia:taproot":1,"minecraft:jungle_sapling":6,"minecraft:wooden_sword":1,"minecraft:kelp":4,"minecraft:iron_boots":1,"minecraft:cooked_mutton":2,"minecraft:shield":3,"minecraft:iron_chestplate":1,"minecraft:acacia_sapling":3,"minecraft:wooden_pickaxe":1},"minecraft:custom":{"minecraft:interact_with_smithing_table":1,"minecraft:mob_kills":64,"minecraft:interact_with_crafting_table":23,"minecraft:leave_game":4,"minecraft:time_since_death":56506,"minecraft:climb_one_cm":1398,"minecraft:sprint_one_cm":214127,"minecraft:walk_one_cm":114251,"minecraft:drop":27,"minecraft:play_time":76445,"minecraft:deaths":5,"minecraft:sneak_time":11605,"minecraft:walk_under_water_one_cm":20196,"minecraft:boat_one_cm":8262,"minecraft:jump":792,"minecraft:interact_with_blast_furnace":1,"minecraft:walk_on_water_one_cm":8038,"minecraft:total_world_time":76445,"minecraft:interact_with_furnace":29,"tombstone:raider_killed":3,"minecraft:sleep_in_bed":4,"minecraft:time_since_rest":13166,"minecraft:damage_taken":2493,"minecraft:damage_dealt":10788,"minecraft:swim_one_cm":25286,"minecraft:fly_one_cm":171739,"minecraft:open_chest":6,"minecraft:crouch_one_cm":21044,"tombstone:undead_killed":2,"minecraft:interact_with_smoker":5,"minecraft:fall_one_cm":22418},"minecraft:mined":{"minecraft:dark_oak_planks":1,"minecraft:jungle_leaves":5,"minecraft:dark_oak_log":35,"minecraft:acacia_log":15,"minecraft:grass_block":4,"minecraft:spruce_fence":6,"minecraft:jungle_log":124,"minecraft:brown_mushroom_block":68,"travelersbackpack:white_sleeping_bag":4,"minecraft:kelp":1,"minecraft:frosted_ice":2,"minecraft:furnace":2,"minecraft:iron_ore":22,"minecraft:vine":2,"minecraft:bamboo":1,"minecraft:stone":42,"minecraft:kelp_plant":3,"minecraft:smoker":1,"minecraft:powder_snow":10,"minecraft:crafting_table":7,"minecraft:poppy":1,"minecraft:mushroom_stem":12,"minecraft:sugar_cane":1,"minecraft:birch_planks":3,"minecraft:birch_log":47,"minecraft:grass":11,"minecraft:oak_log":4,"minecraft:coal_ore":17,"minecraft:dirt":2,"minecraft:red_mushroom_block":18,"minecraft:oak_leaves":7,"minecraft:fern":1},"minecraft:killed":{"grimoireofgaia:satyress":1,"grimoireofgaia:sporeling":5,"grimoireofgaia:goblin":1,"minecraft:skeleton":2,"grimoireofgaia:bee":4,"minecraft:chicken":5,"minecraft:tropical_fish":3,"grimoireofgaia:cyan_flower":1,"minecraft:pig":7,"minecraft:salmon":1,"minecraft:sheep":12,"minecraft:pillager":3,"grimoireofgaia:matango":1,"grimoireofgaia:dryad":1,"minecraft:enderman":1,"minecraft:cow":15},"minecraft:killed_by":{"minecraft:player":1,"grimoireofgaia:flesh_lich":1,"grimoireofgaia:minotaurus":1,"grimoireofgaia:cobblestone_golem":1},"minecraft:crafted":{"minecraft:wooden_sword":2,"minecraft:oak_planks":16,"minecraft:furnace":2,"minecraft:mushroom_stew":4,"minecraft:cooked_mutton":4,"travelersbackpack:white_sleeping_bag":1,"minecraft:stone_pickaxe":1,"minecraft:smoker":1,"minecraft:cooked_porkchop":12,"minecraft:crafting_table":3,"minecraft:dried_kelp":8,"minecraft:wooden_pickaxe":2,"minecraft:iron_sword":1,"minecraft:bowl":8,"minecraft:birch_planks":32,"minecraft:stone_axe":3,"minecraft:air":0,"minecraft:jungle_planks":16,"minecraft:iron_chestplate":2,"minecraft:shield":2,"minecraft:stick":16,"minecraft:iron_ingot":19,"minecraft:wooden_axe":3,"minecraft:torch":4}},"DataVersion":3465}