{"stats":{"minecraft:crafted":{"minecraft:wooden_sword":2,"minecraft:oak_planks":16,"minecraft:cooked_porkchop":2,"minecraft:crafting_table":2,"minecraft:dried_kelp":8,"minecraft:wooden_pickaxe":1,"minecraft:bowl":8,"minecraft:furnace":1,"minecraft:mushroom_stew":4,"minecraft:birch_planks":28,"minecraft:stone_axe":2,"minecraft:cooked_mutton":4,"minecraft:air":0,"minecraft:jungle_planks":16,"travelersbackpack:white_sleeping_bag":1,"minecraft:iron_chestplate":2,"minecraft:shield":2,"minecraft:stick":16,"minecraft:iron_ingot":19,"minecraft:stone_pickaxe":1,"minecraft:wooden_axe":3,"minecraft:torch":4},"minecraft:killed_by":{"minecraft:player":1,"grimoireofgaia:minotaurus":1,"grimoireofgaia:cobblestone_golem":1,"grimoireofgaia:flesh_lich":1},"minecraft:dropped":{"minecraft:kelp":4,"minecraft:cooked_porkchop":4,"minecraft:cooked_mutton":2,"minecraft:shield":3,"minecraft:iron_chestplate":1,"minecraft:wooden_axe":1,"minecraft:jungle_sapling":6},"minecraft:picked_up":{"minecraft:birch_log":47,"minecraft:cocoa_beans":3,"minecraft:crafting_table":4,"minecraft:jungle_log":119,"minecraft:brown_mushroom":15,"minecraft:mushroom_stew":4,"minecraft:red_mushroom":5,"minecraft:wooden_pickaxe":1,"minecraft:birch_planks":3,"minecraft:oak_log":4,"minecraft:shield":2,"minecraft:dirt":5,"minecraft:bone":4,"minecraft:kelp":19,"minecraft:wheat_seeds":1,"minecraft:gold_nugget":1,"grimoireofgaia:honeydew":2,"minecraft:beef":8,"minecraft:jungle_sapling":8,"minecraft:iron_nugget":5,"minecraft:poppy":1,"minecraft:bamboo":15,"minecraft:moss_block":1,"minecraft:sugar_cane":4,"minecraft:birch_sapling":17,"minecraft:furnace":1,"minecraft:dark_oak_sapling":3,"minecraft:raw_iron":19,"minecraft:stick":15,"minecraft:cooked_porkchop":3,"minecraft:birch_boat":2,"minecraft:porkchop":6,"minecraft:dried_kelp":1,"minecraft:dark_oak_log":35,"grimoireofgaia:shiny_pearl":1,"travelersbackpack:white_sleeping_bag":1,"minecraft:bundle":1,"minecraft:arrow":1,"minecraft:rotten_flesh":1,"minecraft:tropical_fish":2,"minecraft:bone_meal":2,"minecraft:oak_sapling":1,"minecraft:black_wool":1,"minecraft:mutton":13,"minecraft:coal":44,"minecraft:white_wool":6,"minecraft:cobblestone":43,"minecraft:ender_pearl":1},"minecraft:killed":{"grimoireofgaia:cyan_flower":1,"minecraft:pig":3,"grimoireofgaia:sporeling":5,"minecraft:sheep":7,"minecraft:skeleton":2,"grimoireofgaia:bee":2,"grimoireofgaia:matango":1,"minecraft:tropical_fish":3,"minecraft:cow":4,"minecraft:enderman":1},"minecraft:used":{"minecraft:cooked_mutton":1,"minecraft:birch_planks":3,"minecraft:tropical_fish":2,"minecraft:stone_pickaxe":63,"minecraft:dried_kelp":8,"minecraft:poppy":1,"minecraft:birch_boat":2,"minecraft:wooden_pickaxe":26,"minecraft:rotten_flesh":1,"minecraft:dirt":4,"minecraft:crafting_table":6,"minecraft:mushroom_stew":5,"grimoireofgaia:honeydew":1,"minecraft:wooden_axe":124,"minecraft:jungle_log":5,"travelersbackpack:white_sleeping_bag":1,"minecraft:wooden_sword":84,"minecraft:stone_axe":232,"minecraft:furnace":2,"minecraft:cooked_porkchop":1,"tombstone:gift":2},"minecraft:mined":{"minecraft:kelp_plant":3,"minecraft:dark_oak_log":35,"minecraft:crafting_table":5,"minecraft:grass_block":3,"minecraft:jungle_log":121,"minecraft:mushroom_stem":12,"minecraft:brown_mushroom_block":68,"travelersbackpack:white_sleeping_bag":1,"minecraft:sugar_cane":1,"minecraft:kelp":1,"minecraft:birch_planks":3,"minecraft:furnace":2,"minecraft:birch_log":47,"minecraft:iron_ore":19,"minecraft:grass":5,"minecraft:vine":2,"minecraft:coal_ore":17,"minecraft:oak_log":4,"minecraft:dirt":2,"minecraft:bamboo":1,"minecraft:red_mushroom_block":18,"minecraft:stone":41,"minecraft:oak_leaves":7,"minecraft:fern":1},"minecraft:broken":{"minecraft:wooden_sword":1,"minecraft:stone_axe":2,"minecraft:wooden_axe":1},"minecraft:custom":{"minecraft:interact_with_furnace":29,"minecraft:mob_kills":30,"minecraft:interact_with_crafting_table":19,"minecraft:sleep_in_bed":1,"minecraft:leave_game":3,"minecraft:time_since_death":30168,"minecraft:climb_one_cm":949,"minecraft:time_since_rest":12681,"minecraft:sprint_one_cm":115078,"minecraft:damage_taken":2044,"minecraft:walk_one_cm":72134,"minecraft:drop":17,"minecraft:damage_dealt":6002,"minecraft:swim_one_cm":15462,"minecraft:fly_one_cm":113058,"minecraft:crouch_one_cm":16801,"minecraft:play_time":50107,"tombstone:undead_killed":2,"minecraft:deaths":5,"minecraft:sneak_time":9069,"minecraft:walk_under_water_one_cm":16249,"minecraft:boat_one_cm":8262,"minecraft:jump":437,"minecraft:walk_on_water_one_cm":4359,"minecraft:total_world_time":50107,"minecraft:fall_one_cm":13479}},"DataVersion":3465}