{"stats":{"minecraft:used":{"minecraft:beetroot":1,"minecraft:iron_shovel":254,"minecraft:poppy":79,"minecraft:shield":5,"minecraft:iron_sword":251,"minecraft:rotten_flesh":1,"minecraft:carrot":138,"grimoireofgaia:honeydew":2,"grimoireofgaia:iron_shield":1,"minecraft:red_stained_glass_pane":72,"minecraft:dark_oak_boat":3,"minecraft:furnace":4,"minecraft:beetroot_seeds":4,"grimoireofgaia:meat":5,"minecraft:potato":35,"minecraft:stone_pickaxe":75,"minecraft:wooden_pickaxe":26,"minecraft:composter":3,"minecraft:clay":1,"minecraft:dark_oak_trapdoor":16,"minecraft:sand":14,"minecraft:mushroom_stew":8,"minecraft:bread":288,"grimoireofgaia:taproot":2,"minecraft:wooden_sword":85,"minecraft:smithing_table":1,"minecraft:bone_meal":50,"minecraft:experience_bottle":2,"minecraft:tropical_fish":2,"minecraft:dried_kelp":8,"minecraft:cooked_chicken":5,"minecraft:torch":6,"minecraft:dirt":126,"minecraft:wheat":12,"minecraft:iron_hoe":103,"minecraft:wooden_axe":134,"minecraft:iron_axe":141,"minecraft:jungle_log":43,"minecraft:barrel":3,"minecraft:goat_horn":12,"tombstone:gift":3,"minecraft:cooked_beef":1,"minecraft:wheat_seeds":19,"minecraft:cooked_mutton":2,"minecraft:water_bucket":2,"minecraft:birch_planks":3,"minecraft:baked_potato":11,"minecraft:birch_boat":2,"minecraft:cobblestone_slab":24,"minecraft:crafting_table":18,"minecraft:smoker":2,"minecraft:dark_oak_door":2,"tombstone:bag_of_seeds":2,"minecraft:suspicious_stew":2,"minecraft:iron_pickaxe":109,"travelersbackpack:white_sleeping_bag":8,"minecraft:stone_axe":315,"minecraft:cobblestone":94,"travelersbackpack:standard":3,"minecraft:cooked_porkchop":18,"minecraft:jungle_door":2,"minecraft:bucket":2,"minecraft:yellow_bed":9},"minecraft:picked_up":{"minecraft:wooden_axe":1,"minecraft:wheat":4,"minecraft:enchanted_book":2,"minecraft:dark_oak_trapdoor":4,"minecraft:iron_leggings":1,"minecraft:beetroot":1,"minecraft:gold_nugget":11,"minecraft:spruce_planks":1,"grimoireofgaia:iron_shield":1,"minecraft:cobblestone_slab":4,"grimoireofgaia:taproot":3,"minecraft:iron_boots":2,"minecraft:furnace":3,"minecraft:stick":21,"minecraft:jungle_door":1,"minecraft:composter":2,"minecraft:torch":23,"minecraft:acacia_log":15,"minecraft:porkchop":21,"minecraft:dried_kelp":1,"minecraft:cherry_log":20,"tombstone:grave_dust":1,"minecraft:diorite":4,"minecraft:rotten_flesh":7,"minecraft:tropical_fish":2,"minecraft:cobblestone":137,"minecraft:birch_log":47,"minecraft:pink_petals":3,"minecraft:feather":10,"minecraft:jungle_log":121,"minecraft:dark_oak_boat":3,"minecraft:smoker":1,"minecraft:potato":2,"minecraft:dirt":215,"minecraft:glass":8,"minecraft:bone":5,"minecraft:wheat_seeds":28,"minecraft:bamboo":15,"minecraft:moss_block":1,"minecraft:pitcher_pod":2,"minecraft:cooked_porkchop":4,"hmag:soul_powder":2,"minecraft:sand":116,"minecraft:dark_oak_log":35,"minecraft:barrel":3,"grimoireofgaia:shiny_pearl":12,"travelersbackpack:white_sleeping_bag":7,"minecraft:bundle":2,"minecraft:clay":2,"minecraft:crossbow":1,"minecraft:bone_meal":48,"minecraft:emerald":15,"minecraft:oak_sapling":1,"minecraft:cocoa_beans":9,"minecraft:crafting_table":7,"grimoireofgaia:soulfire":6,"minecraft:chicken":5,"minecraft:brown_mushroom":15,"minecraft:wooden_pickaxe":1,"minecraft:gold_block":2,"minecraft:shield":2,"minecraft:iron_shovel":1,"grimoireofgaia:honeydew":2,"minecraft:beef":31,"minecraft:jungle_sapling":8,"minecraft:iron_nugget":31,"minecraft:poppy":102,"minecraft:sugar_cane":4,"minecraft:birch_sapling":19,"minecraft:dark_oak_sapling":3,"minecraft:raw_iron":22,"grimoireofgaia:meat":5,"minecraft:carrot":117,"minecraft:dark_oak_planks":4,"minecraft:arrow":1,"minecraft:beetroot_seeds":4,"minecraft:hay_block":8,"minecraft:saddle":1,"minecraft:mutton":27,"minecraft:white_wool":16,"minecraft:salmon":1,"minecraft:leather":16,"minecraft:red_mushroom":5,"minecraft:birch_planks":3,"minecraft:mushroom_stew":4,"minecraft:oak_log":4,"minecraft:yellow_bed":9,"minecraft:kelp":19,"minecraft:stripped_oak_wood":1,"tombstone:bag_of_seeds":2,"minecraft:acacia_sapling":3,"minecraft:birch_boat":2,"minecraft:dandelion":1,"twilightforest:time_log":1,"minecraft:white_bed":2,"travelersbackpack:standard":2,"minecraft:pumpkin_seeds":4,"minecraft:iron_helmet":1,"minecraft:cherry_sapling":14,"minecraft:black_wool":1,"minecraft:coal":119,"minecraft:ender_pearl":1},"minecraft:broken":{"minecraft:iron_shovel":1,"minecraft:wooden_sword":1,"minecraft:stone_axe":3,"minecraft:iron_sword":1,"minecraft:wooden_axe":1,"minecraft:iron_axe":1,"minecraft:iron_helmet":1},"minecraft:dropped":{"minecraft:moss_block":1,"minecraft:lapis_lazuli":13,"minecraft:baked_potato":2,"minecraft:cooked_porkchop":4,"minecraft:jungle_planks":2,"travelersbackpack:standard":1,"minecraft:gold_block":1,"minecraft:dirt":19,"tombstone:bag_of_seeds":2,"minecraft:jungle_sapling":6,"minecraft:gold_nugget":2,"minecraft:wooden_sword":1,"minecraft:white_wool":10,"minecraft:bone":3,"minecraft:dark_oak_door":1,"minecraft:goat_horn":1,"minecraft:iron_nugget":6,"minecraft:wheat":4,"minecraft:birch_sapling":17,"minecraft:rotten_flesh":5,"minecraft:cooked_mutton":2,"minecraft:poppy":1,"minecraft:acacia_sapling":3,"minecraft:arrow":1,"minecraft:glass":8,"minecraft:enchanted_book":1,"minecraft:iron_ingot":1,"minecraft:wheat_seeds":1,"minecraft:tnt":2,"minecraft:cobblestone":13,"grimoireofgaia:shiny_pearl":1,"minecraft:torch":1,"minecraft:wooden_axe":1,"grimoireofgaia:taproot":1,"minecraft:jungle_door":2,"minecraft:iron_shovel":1,"minecraft:furnace":1,"minecraft:kelp":4,"minecraft:cocoa_beans":3,"minecraft:bowl":10,"minecraft:iron_boots":1,"minecraft:pumpkin_seeds":2,"minecraft:filled_map":1,"minecraft:shield":3,"minecraft:iron_chestplate":1,"minecraft:wooden_pickaxe":1},"minecraft:custom":{"minecraft:interact_with_crafting_table":65,"minecraft:open_barrel":5,"minecraft:leave_game":5,"minecraft:time_since_death":21792,"minecraft:sprint_one_cm":580386,"minecraft:damage_blocked_by_shield":205,"minecraft:drop":73,"minecraft:talked_to_villager":16,"minecraft:play_time":230974,"minecraft:deaths":22,"minecraft:jump":2495,"minecraft:walk_on_water_one_cm":30996,"minecraft:enchant_item":2,"minecraft:interact_with_furnace":49,"minecraft:traded_with_villager":51,"minecraft:sleep_in_bed":12,"minecraft:damage_dealt":27530,"minecraft:crouch_one_cm":72326,"tombstone:undead_killed":12,"minecraft:interact_with_smoker":12,"minecraft:interact_with_smithing_table":4,"minecraft:mob_kills":104,"minecraft:damage_dealt_resisted":591,"minecraft:climb_one_cm":1398,"minecraft:walk_one_cm":344079,"minecraft:sneak_time":31642,"minecraft:walk_under_water_one_cm":116649,"minecraft:boat_one_cm":378924,"minecraft:interact_with_blast_furnace":5,"minecraft:total_world_time":230974,"tombstone:raider_killed":6,"minecraft:time_since_rest":6842,"minecraft:damage_taken":10376,"minecraft:swim_one_cm":153384,"minecraft:fly_one_cm":441212,"minecraft:open_chest":95,"minecraft:fall_one_cm":84168},"minecraft:mined":{"minecraft:dark_oak_planks":3,"minecraft:white_bed":2,"minecraft:cherry_log":20,"minecraft:jungle_leaves":5,"minecraft:acacia_log":15,"minecraft:grass_block":107,"minecraft:jungle_log":124,"minecraft:frosted_ice":2,"minecraft:composter":2,"minecraft:tall_seagrass":2,"minecraft:dark_oak_trapdoor":4,"minecraft:iron_ore":22,"minecraft:barrel":3,"minecraft:dark_oak_stairs":1,"minecraft:kelp_plant":8,"minecraft:smoker":1,"minecraft:powder_snow":10,"minecraft:torch":2,"minecraft:poppy":95,"minecraft:chest":1,"minecraft:mushroom_stem":12,"minecraft:cobblestone":73,"minecraft:sugar_cane":1,"minecraft:seagrass":3,"minecraft:birch_log":47,"minecraft:wheat":15,"minecraft:grass":114,"minecraft:oak_log":4,"minecraft:beetroots":2,"minecraft:sand":117,"minecraft:dirt":91,"minecraft:red_mushroom_block":18,"minecraft:oak_leaves":12,"minecraft:dark_oak_log":35,"minecraft:spruce_fence":6,"minecraft:brown_mushroom_block":68,"travelersbackpack:white_sleeping_bag":7,"minecraft:kelp":2,"minecraft:hay_block":8,"minecraft:furnace":4,"minecraft:carrots":50,"minecraft:andesite":4,"minecraft:peony":1,"minecraft:gold_block":1,"minecraft:potatoes":2,"minecraft:cobblestone_slab":4,"minecraft:vine":2,"minecraft:bamboo":1,"minecraft:stone":54,"travelersbackpack:standard":1,"minecraft:crafting_table":7,"minecraft:tall_grass":25,"minecraft:diorite":4,"minecraft:birch_planks":3,"minecraft:birch_leaves":6,"minecraft:yellow_bed":9,"minecraft:coal_ore":17,"minecraft:fern":1},"minecraft:killed_by":{"grimoireofgaia:mermaid":1,"grimoireofgaia:cecaelia":13,"grimoireofgaia:minotaurus":1,"grimoireofgaia:harpy":1,"grimoireofgaia:dwarf":1,"grimoireofgaia:cobblestone_golem":1,"minecraft:player":2,"grimoireofgaia:flesh_lich":1},"minecraft:killed":{"minecraft:spider":1,"grimoireofgaia:sporeling":5,"grimoireofgaia:goblin":1,"minecraft:skeleton":2,"minecraft:chicken":5,"minecraft:tropical_fish":3,"grimoireofgaia:mandragora":1,"minecraft:pig":7,"grimoireofgaia:banshee":3,"minecraft:salmon":1,"minecraft:creeper":1,"minecraft:sheep":17,"minecraft:pillager":6,"minecraft:zombie":3,"grimoireofgaia:harpy":4,"grimoireofgaia:dryad":1,"minecraft:cow":16,"grimoireofgaia:satyress":1,"hmag:skeleton_girl":1,"grimoireofgaia:bee":4,"minecraft:drowned":1,"grimoireofgaia:dwarf":2,"grimoireofgaia:dullahan":4,"grimoireofgaia:cyan_flower":1,"hmag:ghost":2,"grimoireofgaia:cecaelia":6,"grimoireofgaia:matango":1,"grimoireofgaia:werecat":2,"minecraft:enderman":1},"minecraft:crafted":{"minecraft:red_stained_glass_pane":72,"minecraft:oak_planks":16,"minecraft:cobblestone_slab":24,"minecraft:barrel":3,"minecraft:cooked_chicken":5,"minecraft:cooked_mutton":4,"minecraft:dark_oak_door":3,"minecraft:glass":88,"minecraft:chest":2,"minecraft:smoker":2,"travelersbackpack:iron_tier_upgrade":2,"minecraft:emerald":3,"minecraft:cooked_porkchop":18,"minecraft:crafting_table":11,"minecraft:wooden_pickaxe":2,"minecraft:baked_potato":13,"travelersbackpack:standard":3,"minecraft:smithing_table":1,"minecraft:birch_planks":32,"minecraft:dark_oak_slab":48,"minecraft:iron_chestplate":2,"minecraft:shield":2,"minecraft:stick":28,"minecraft:iron_ingot":22,"minecraft:iron_pickaxe":1,"minecraft:gold_ingot":1,"minecraft:composter":2,"minecraft:wooden_sword":2,"twilightforest:time_planks":4,"minecraft:furnace":4,"minecraft:dark_oak_trapdoor":12,"minecraft:mushroom_stew":4,"travelersbackpack:blank_upgrade":4,"travelersbackpack:gold_tier_upgrade":2,"minecraft:glass_pane":112,"travelersbackpack:white_sleeping_bag":2,"minecraft:iron_axe":1,"minecraft:iron_hoe":1,"minecraft:stone_pickaxe":1,"minecraft:dark_oak_planks":140,"minecraft:wheat":72,"minecraft:cooked_beef":31,"minecraft:red_dye":9,"travelersbackpack:backpack_tank":6,"minecraft:dried_kelp":8,"minecraft:iron_sword":1,"minecraft:bowl":8,"minecraft:bucket":2,"minecraft:stone_axe":4,"minecraft:air":0,"minecraft:bread":288,"minecraft:jungle_planks":36,"minecraft:jungle_door":3,"minecraft:wooden_axe":3,"minecraft:acacia_planks":4,"minecraft:torch":4}},"DataVersion":3465}