{"stats":{"minecraft:used":{"minecraft:tropical_fish":2,"minecraft:dried_kelp":8,"minecraft:poppy":1,"minecraft:shield":2,"minecraft:iron_sword":65,"minecraft:rotten_flesh":1,"minecraft:torch":1,"minecraft:dirt":4,"grimoireofgaia:honeydew":1,"minecraft:wooden_axe":134,"minecraft:jungle_log":21,"minecraft:goat_horn":3,"minecraft:furnace":2,"tombstone:gift":2,"grimoireofgaia:meat":2,"minecraft:cooked_mutton":2,"minecraft:birch_planks":3,"minecraft:stone_pickaxe":75,"minecraft:wooden_pickaxe":26,"minecraft:birch_boat":2,"minecraft:crafting_table":10,"minecraft:mushroom_stew":8,"minecraft:smoker":1,"travelersbackpack:white_sleeping_bag":6,"grimoireofgaia:taproot":2,"minecraft:stone_axe":311,"minecraft:wooden_sword":85,"minecraft:cooked_porkchop":9,"minecraft:experience_bottle":2},"minecraft:picked_up":{"minecraft:wooden_axe":1,"minecraft:cocoa_beans":3,"minecraft:crafting_table":6,"minecraft:wheat":4,"minecraft:chicken":5,"minecraft:brown_mushroom":15,"minecraft:wooden_pickaxe":1,"minecraft:enchanted_book":1,"minecraft:shield":2,"minecraft:iron_leggings":1,"minecraft:gold_nugget":3,"grimoireofgaia:honeydew":2,"minecraft:spruce_planks":1,"minecraft:beef":30,"minecraft:jungle_sapling":8,"minecraft:iron_nugget":12,"minecraft:poppy":2,"minecraft:sugar_cane":4,"minecraft:birch_sapling":17,"minecraft:iron_boots":2,"minecraft:furnace":1,"grimoireofgaia:taproot":3,"minecraft:dark_oak_sapling":3,"minecraft:stick":15,"minecraft:raw_iron":22,"grimoireofgaia:meat":2,"minecraft:torch":1,"minecraft:acacia_log":15,"minecraft:porkchop":21,"minecraft:dried_kelp":1,"minecraft:dark_oak_planks":1,"minecraft:arrow":1,"minecraft:rotten_flesh":5,"minecraft:tropical_fish":2,"minecraft:mutton":20,"minecraft:cobblestone":57,"minecraft:white_wool":11,"minecraft:birch_log":47,"minecraft:feather":3,"minecraft:salmon":1,"minecraft:jungle_log":121,"minecraft:leather":13,"minecraft:smoker":1,"minecraft:red_mushroom":5,"minecraft:birch_planks":3,"minecraft:mushroom_stew":4,"minecraft:oak_log":4,"minecraft:dirt":6,"minecraft:bone":4,"minecraft:kelp":19,"minecraft:wheat_seeds":3,"minecraft:bamboo":15,"minecraft:moss_block":1,"minecraft:acacia_sapling":3,"minecraft:cooked_porkchop":4,"minecraft:birch_boat":2,"twilightforest:time_log":1,"minecraft:dark_oak_log":35,"grimoireofgaia:shiny_pearl":1,"travelersbackpack:white_sleeping_bag":6,"minecraft:bundle":1,"minecraft:iron_helmet":1,"minecraft:crossbow":1,"minecraft:bone_meal":2,"minecraft:oak_sapling":1,"minecraft:black_wool":1,"minecraft:coal":62,"minecraft:ender_pearl":1},"minecraft:broken":{"minecraft:wooden_sword":1,"minecraft:stone_axe":3,"minecraft:wooden_axe":1},"minecraft:dropped":{"minecraft:iron_ingot":1,"minecraft:moss_block":1,"minecraft:wheat_seeds":1,"minecraft:cooked_porkchop":4,"minecraft:cobblestone":13,"grimoireofgaia:shiny_pearl":1,"minecraft:torch":1,"minecraft:wooden_axe":1,"grimoireofgaia:taproot":1,"minecraft:jungle_sapling":6,"minecraft:gold_nugget":2,"minecraft:wooden_sword":1,"minecraft:white_wool":8,"minecraft:kelp":4,"minecraft:iron_nugget":1,"minecraft:bowl":8,"minecraft:wheat":4,"minecraft:rotten_flesh":4,"minecraft:iron_boots":1,"minecraft:cooked_mutton":2,"minecraft:shield":3,"minecraft:iron_chestplate":1,"minecraft:acacia_sapling":3,"minecraft:wooden_pickaxe":1},"minecraft:custom":{"minecraft:interact_with_smithing_table":1,"minecraft:mob_kills":70,"minecraft:interact_with_crafting_table":24,"minecraft:damage_dealt_resisted":34,"minecraft:leave_game":4,"minecraft:time_since_death":68506,"minecraft:climb_one_cm":1398,"minecraft:sprint_one_cm":231815,"minecraft:walk_one_cm":128735,"minecraft:damage_blocked_by_shield":55,"minecraft:drop":34,"minecraft:play_time":88445,"minecraft:deaths":5,"minecraft:sneak_time":13113,"minecraft:walk_under_water_one_cm":40122,"minecraft:boat_one_cm":55798,"minecraft:jump":953,"minecraft:interact_with_blast_furnace":1,"minecraft:walk_on_water_one_cm":9583,"minecraft:total_world_time":88445,"minecraft:interact_with_furnace":29,"tombstone:raider_killed":6,"minecraft:sleep_in_bed":5,"minecraft:time_since_rest":6705,"minecraft:damage_taken":3120,"minecraft:damage_dealt":12342,"minecraft:swim_one_cm":40992,"minecraft:fly_one_cm":201095,"minecraft:open_chest":13,"minecraft:crouch_one_cm":22532,"tombstone:undead_killed":4,"minecraft:interact_with_smoker":5,"minecraft:fall_one_cm":30996},"minecraft:mined":{"minecraft:dark_oak_planks":1,"minecraft:jungle_leaves":5,"minecraft:dark_oak_log":35,"minecraft:acacia_log":15,"minecraft:grass_block":4,"minecraft:spruce_fence":6,"minecraft:jungle_log":124,"minecraft:brown_mushroom_block":68,"travelersbackpack:white_sleeping_bag":5,"minecraft:kelp":1,"minecraft:frosted_ice":2,"minecraft:furnace":2,"minecraft:iron_ore":22,"minecraft:vine":2,"minecraft:bamboo":1,"minecraft:stone":42,"minecraft:kelp_plant":5,"minecraft:smoker":1,"minecraft:powder_snow":10,"minecraft:crafting_table":7,"minecraft:poppy":1,"minecraft:chest":1,"minecraft:mushroom_stem":12,"minecraft:sugar_cane":1,"minecraft:birch_planks":3,"minecraft:birch_log":47,"minecraft:grass":16,"minecraft:oak_log":4,"minecraft:coal_ore":17,"minecraft:dirt":2,"minecraft:red_mushroom_block":18,"minecraft:oak_leaves":7,"minecraft:fern":1},"minecraft:killed":{"grimoireofgaia:satyress":1,"hmag:skeleton_girl":1,"grimoireofgaia:sporeling":5,"grimoireofgaia:goblin":1,"minecraft:skeleton":2,"grimoireofgaia:bee":4,"minecraft:chicken":5,"minecraft:tropical_fish":3,"grimoireofgaia:mandragora":1,"grimoireofgaia:cyan_flower":1,"minecraft:pig":7,"minecraft:salmon":1,"minecraft:sheep":12,"minecraft:pillager":6,"minecraft:zombie":1,"grimoireofgaia:matango":1,"grimoireofgaia:dryad":1,"minecraft:enderman":1,"minecraft:cow":15},"minecraft:killed_by":{"minecraft:player":1,"grimoireofgaia:flesh_lich":1,"grimoireofgaia:minotaurus":1,"grimoireofgaia:cobblestone_golem":1},"minecraft:crafted":{"minecraft:wooden_sword":2,"twilightforest:time_planks":4,"minecraft:oak_planks":16,"minecraft:furnace":2,"minecraft:mushroom_stew":4,"minecraft:cooked_mutton":4,"travelersbackpack:white_sleeping_bag":1,"minecraft:stone_pickaxe":1,"minecraft:smoker":1,"minecraft:cooked_porkchop":12,"minecraft:crafting_table":4,"minecraft:dried_kelp":8,"minecraft:wooden_pickaxe":2,"minecraft:iron_sword":1,"minecraft:bowl":8,"minecraft:birch_planks":32,"minecraft:stone_axe":3,"minecraft:air":0,"minecraft:jungle_planks":16,"minecraft:iron_chestplate":2,"minecraft:shield":2,"minecraft:stick":18,"minecraft:iron_ingot":22,"minecraft:iron_pickaxe":1,"minecraft:wooden_axe":3,"minecraft:torch":4}},"DataVersion":3465}