{"stats":{"minecraft:used":{"minecraft:iron_shovel":115,"minecraft:tropical_fish":2,"minecraft:dried_kelp":8,"minecraft:poppy":1,"minecraft:shield":5,"minecraft:iron_sword":209,"minecraft:rotten_flesh":1,"minecraft:torch":6,"minecraft:dirt":9,"minecraft:carrot":13,"minecraft:iron_hoe":39,"grimoireofgaia:honeydew":2,"minecraft:wooden_axe":134,"minecraft:iron_axe":22,"minecraft:jungle_log":43,"minecraft:dark_oak_boat":3,"minecraft:goat_horn":12,"minecraft:furnace":4,"tombstone:gift":2,"grimoireofgaia:meat":3,"minecraft:cooked_beef":1,"minecraft:potato":35,"minecraft:cooked_mutton":2,"minecraft:water_bucket":2,"minecraft:baked_potato":11,"minecraft:birch_planks":3,"minecraft:stone_pickaxe":75,"minecraft:wooden_pickaxe":26,"minecraft:birch_boat":2,"minecraft:composter":2,"minecraft:clay":1,"minecraft:sand":5,"minecraft:crafting_table":18,"minecraft:mushroom_stew":8,"minecraft:dark_oak_door":2,"minecraft:smoker":2,"tombstone:bag_of_seeds":2,"minecraft:iron_pickaxe":23,"minecraft:suspicious_stew":2,"travelersbackpack:white_sleeping_bag":8,"grimoireofgaia:taproot":2,"minecraft:stone_axe":311,"minecraft:wooden_sword":85,"minecraft:cobblestone":3,"travelersbackpack:standard":2,"minecraft:smithing_table":1,"minecraft:cooked_porkchop":12,"minecraft:jungle_door":2,"minecraft:bucket":2,"minecraft:experience_bottle":2},"minecraft:picked_up":{"minecraft:wooden_axe":1,"minecraft:cocoa_beans":9,"minecraft:crafting_table":7,"minecraft:wheat":4,"minecraft:chicken":5,"minecraft:brown_mushroom":15,"minecraft:wooden_pickaxe":1,"minecraft:gold_block":2,"minecraft:enchanted_book":2,"minecraft:shield":2,"minecraft:iron_leggings":1,"minecraft:iron_shovel":1,"minecraft:gold_nugget":3,"grimoireofgaia:honeydew":2,"minecraft:spruce_planks":1,"minecraft:beef":31,"minecraft:jungle_sapling":8,"minecraft:iron_nugget":18,"minecraft:poppy":15,"minecraft:sugar_cane":4,"minecraft:birch_sapling":19,"minecraft:iron_boots":2,"minecraft:furnace":3,"grimoireofgaia:taproot":3,"minecraft:dark_oak_sapling":3,"minecraft:stick":21,"minecraft:raw_iron":22,"grimoireofgaia:meat":3,"minecraft:jungle_door":1,"minecraft:torch":6,"minecraft:acacia_log":15,"minecraft:porkchop":21,"minecraft:dried_kelp":1,"minecraft:cherry_log":20,"minecraft:dark_oak_planks":4,"minecraft:arrow":1,"minecraft:rotten_flesh":6,"minecraft:tropical_fish":2,"minecraft:saddle":1,"minecraft:mutton":27,"minecraft:white_wool":16,"minecraft:cobblestone":66,"minecraft:birch_log":47,"minecraft:pink_petals":3,"minecraft:feather":3,"minecraft:salmon":1,"minecraft:jungle_log":121,"minecraft:leather":16,"minecraft:dark_oak_boat":3,"minecraft:smoker":1,"minecraft:red_mushroom":5,"minecraft:birch_planks":3,"minecraft:mushroom_stew":4,"minecraft:oak_log":4,"minecraft:dirt":55,"minecraft:glass":8,"minecraft:bone":5,"minecraft:kelp":19,"minecraft:wheat_seeds":7,"tombstone:bag_of_seeds":2,"minecraft:bamboo":15,"minecraft:moss_block":1,"minecraft:pitcher_pod":2,"minecraft:acacia_sapling":3,"minecraft:cooked_porkchop":4,"minecraft:birch_boat":2,"minecraft:sand":116,"twilightforest:time_log":1,"minecraft:dark_oak_log":35,"grimoireofgaia:shiny_pearl":12,"travelersbackpack:standard":1,"travelersbackpack:white_sleeping_bag":7,"minecraft:bundle":2,"minecraft:pumpkin_seeds":4,"minecraft:clay":2,"minecraft:iron_helmet":1,"minecraft:crossbow":1,"minecraft:bone_meal":2,"minecraft:cherry_sapling":14,"minecraft:oak_sapling":1,"minecraft:black_wool":1,"minecraft:coal":119,"minecraft:ender_pearl":1},"minecraft:broken":{"minecraft:wooden_sword":1,"minecraft:stone_axe":3,"minecraft:wooden_axe":1},"minecraft:dropped":{"minecraft:enchanted_book":1,"minecraft:iron_ingot":1,"minecraft:moss_block":1,"minecraft:wheat_seeds":1,"minecraft:lapis_lazuli":13,"minecraft:baked_potato":2,"minecraft:tnt":2,"minecraft:cooked_porkchop":4,"minecraft:cobblestone":13,"minecraft:jungle_planks":2,"grimoireofgaia:shiny_pearl":1,"travelersbackpack:standard":1,"minecraft:gold_block":1,"tombstone:bag_of_seeds":2,"minecraft:dirt":19,"minecraft:torch":1,"minecraft:wooden_axe":1,"grimoireofgaia:taproot":1,"minecraft:jungle_door":2,"minecraft:jungle_sapling":6,"minecraft:wooden_sword":1,"minecraft:gold_nugget":2,"minecraft:iron_shovel":1,"minecraft:white_wool":10,"minecraft:bone":3,"minecraft:dark_oak_door":1,"minecraft:furnace":1,"minecraft:goat_horn":1,"minecraft:kelp":4,"minecraft:iron_nugget":5,"minecraft:cocoa_beans":3,"minecraft:bowl":10,"minecraft:birch_sapling":17,"minecraft:wheat":4,"minecraft:rotten_flesh":5,"minecraft:iron_boots":1,"minecraft:cooked_mutton":2,"minecraft:pumpkin_seeds":2,"minecraft:filled_map":1,"minecraft:shield":3,"minecraft:iron_chestplate":1,"minecraft:acacia_sapling":3,"minecraft:arrow":1,"minecraft:glass":8,"minecraft:wooden_pickaxe":1},"minecraft:custom":{"minecraft:interact_with_smithing_table":4,"minecraft:mob_kills":86,"minecraft:interact_with_crafting_table":53,"minecraft:open_barrel":2,"minecraft:damage_dealt_resisted":591,"minecraft:leave_game":5,"minecraft:time_since_death":47160,"minecraft:climb_one_cm":1398,"minecraft:sprint_one_cm":386587,"minecraft:walk_one_cm":197591,"minecraft:damage_blocked_by_shield":175,"minecraft:drop":71,"minecraft:talked_to_villager":1,"minecraft:play_time":170974,"minecraft:sneak_time":20463,"minecraft:deaths":20,"minecraft:walk_under_water_one_cm":116649,"minecraft:boat_one_cm":378924,"minecraft:jump":1825,"minecraft:enchant_item":1,"minecraft:interact_with_blast_furnace":5,"minecraft:walk_on_water_one_cm":30922,"minecraft:total_world_time":170974,"minecraft:interact_with_furnace":48,"tombstone:raider_killed":6,"minecraft:sleep_in_bed":9,"minecraft:time_since_rest":10330,"minecraft:damage_taken":8643,"minecraft:damage_dealt":18189,"minecraft:swim_one_cm":153384,"minecraft:fly_one_cm":332065,"minecraft:open_chest":82,"minecraft:crouch_one_cm":34864,"tombstone:undead_killed":5,"minecraft:interact_with_smoker":12,"minecraft:fall_one_cm":59412},"minecraft:mined":{"minecraft:dark_oak_planks":3,"minecraft:cherry_log":20,"minecraft:jungle_leaves":5,"minecraft:dark_oak_log":35,"minecraft:acacia_log":15,"minecraft:grass_block":23,"minecraft:spruce_fence":6,"minecraft:jungle_log":124,"minecraft:brown_mushroom_block":68,"travelersbackpack:white_sleeping_bag":7,"minecraft:frosted_ice":2,"minecraft:kelp":2,"minecraft:tall_seagrass":2,"minecraft:furnace":4,"minecraft:iron_ore":22,"minecraft:andesite":4,"minecraft:peony":1,"minecraft:gold_block":1,"minecraft:dark_oak_stairs":1,"minecraft:vine":2,"minecraft:bamboo":1,"minecraft:stone":54,"minecraft:kelp_plant":8,"minecraft:smoker":1,"minecraft:powder_snow":10,"minecraft:crafting_table":7,"minecraft:torch":2,"minecraft:poppy":12,"minecraft:chest":1,"minecraft:mushroom_stem":12,"minecraft:cobblestone":1,"minecraft:tall_grass":6,"minecraft:sugar_cane":1,"minecraft:seagrass":3,"minecraft:birch_planks":3,"minecraft:birch_log":47,"minecraft:birch_leaves":6,"minecraft:grass":45,"minecraft:oak_log":4,"minecraft:coal_ore":17,"minecraft:sand":117,"minecraft:dirt":15,"minecraft:red_mushroom_block":18,"minecraft:oak_leaves":12,"minecraft:fern":1},"minecraft:killed":{"grimoireofgaia:satyress":1,"minecraft:spider":1,"hmag:skeleton_girl":1,"grimoireofgaia:sporeling":5,"grimoireofgaia:goblin":1,"minecraft:skeleton":2,"grimoireofgaia:bee":4,"minecraft:chicken":5,"minecraft:drowned":1,"minecraft:tropical_fish":3,"grimoireofgaia:mandragora":1,"grimoireofgaia:cyan_flower":1,"minecraft:pig":7,"minecraft:salmon":1,"grimoireofgaia:cecaelia":6,"minecraft:sheep":17,"minecraft:pillager":6,"minecraft:zombie":1,"grimoireofgaia:matango":1,"grimoireofgaia:werecat":2,"grimoireofgaia:dryad":1,"minecraft:enderman":1,"minecraft:cow":16},"minecraft:killed_by":{"minecraft:player":2,"grimoireofgaia:flesh_lich":1,"grimoireofgaia:mermaid":1,"grimoireofgaia:cecaelia":13,"grimoireofgaia:minotaurus":1,"grimoireofgaia:cobblestone_golem":1},"minecraft:crafted":{"minecraft:wooden_sword":2,"twilightforest:time_planks":4,"minecraft:oak_planks":16,"minecraft:cooked_chicken":5,"minecraft:furnace":4,"minecraft:mushroom_stew":4,"travelersbackpack:blank_upgrade":4,"travelersbackpack:gold_tier_upgrade":2,"minecraft:cooked_mutton":4,"minecraft:glass":43,"minecraft:dark_oak_door":3,"travelersbackpack:white_sleeping_bag":2,"minecraft:iron_axe":1,"minecraft:iron_hoe":1,"minecraft:stone_pickaxe":1,"minecraft:chest":2,"minecraft:dark_oak_planks":36,"minecraft:smoker":2,"minecraft:cooked_beef":31,"travelersbackpack:iron_tier_upgrade":2,"minecraft:cooked_porkchop":18,"minecraft:crafting_table":11,"travelersbackpack:standard":3,"travelersbackpack:backpack_tank":6,"minecraft:dried_kelp":8,"minecraft:wooden_pickaxe":2,"minecraft:baked_potato":13,"minecraft:iron_sword":1,"minecraft:bowl":8,"minecraft:smithing_table":1,"minecraft:bucket":2,"minecraft:birch_planks":32,"minecraft:stone_axe":3,"minecraft:air":0,"minecraft:jungle_planks":36,"minecraft:jungle_door":3,"minecraft:dark_oak_slab":24,"minecraft:iron_chestplate":2,"minecraft:shield":2,"minecraft:stick":24,"minecraft:iron_ingot":22,"minecraft:iron_pickaxe":1,"minecraft:wooden_axe":3,"minecraft:gold_ingot":1,"minecraft:composter":2,"minecraft:acacia_planks":4,"minecraft:torch":4}},"DataVersion":3465}