{"stats":{"minecraft:crafted":{"minecraft:oak_planks":16,"minecraft:cooked_porkchop":2,"minecraft:crafting_table":2,"minecraft:dried_kelp":8,"minecraft:wooden_pickaxe":1,"minecraft:bowl":8,"minecraft:furnace":1,"minecraft:mushroom_stew":4,"minecraft:birch_planks":24,"minecraft:stone_axe":2,"minecraft:cooked_mutton":4,"minecraft:air":0,"minecraft:jungle_planks":12,"travelersbackpack:white_sleeping_bag":1,"minecraft:iron_chestplate":2,"minecraft:shield":2,"minecraft:stick":12,"minecraft:iron_ingot":19,"minecraft:stone_pickaxe":1,"minecraft:wooden_axe":2,"minecraft:torch":4},"minecraft:killed_by":{"minecraft:player":1,"grimoireofgaia:minotaurus":1,"grimoireofgaia:cobblestone_golem":1,"grimoireofgaia:flesh_lich":1},"minecraft:dropped":{"minecraft:cooked_porkchop":4,"minecraft:cooked_mutton":2,"minecraft:shield":3,"minecraft:iron_chestplate":1,"minecraft:jungle_sapling":6},"minecraft:picked_up":{"minecraft:birch_log":47,"minecraft:cocoa_beans":3,"minecraft:crafting_table":4,"minecraft:jungle_log":105,"minecraft:brown_mushroom":12,"minecraft:red_mushroom":4,"minecraft:wooden_pickaxe":1,"minecraft:birch_planks":3,"minecraft:oak_log":4,"minecraft:shield":2,"minecraft:dirt":5,"minecraft:bone":4,"minecraft:kelp":19,"minecraft:gold_nugget":1,"grimoireofgaia:honeydew":2,"minecraft:beef":3,"minecraft:jungle_sapling":6,"minecraft:iron_nugget":3,"minecraft:poppy":1,"minecraft:moss_block":1,"minecraft:sugar_cane":4,"minecraft:birch_sapling":17,"minecraft:furnace":1,"minecraft:raw_iron":19,"minecraft:stick":11,"minecraft:cooked_porkchop":3,"minecraft:birch_boat":2,"minecraft:porkchop":2,"minecraft:dried_kelp":1,"travelersbackpack:white_sleeping_bag":1,"minecraft:bundle":1,"minecraft:arrow":1,"minecraft:rotten_flesh":1,"minecraft:tropical_fish":2,"minecraft:bone_meal":2,"minecraft:oak_sapling":1,"minecraft:black_wool":1,"minecraft:mutton":7,"minecraft:coal":32,"minecraft:white_wool":3,"minecraft:cobblestone":20,"minecraft:ender_pearl":1},"minecraft:killed":{"grimoireofgaia:cyan_flower":1,"minecraft:pig":1,"minecraft:sheep":4,"minecraft:skeleton":2,"grimoireofgaia:bee":2,"minecraft:tropical_fish":3,"minecraft:cow":1,"minecraft:enderman":1},"minecraft:used":{"minecraft:cooked_mutton":1,"minecraft:birch_planks":3,"minecraft:tropical_fish":2,"minecraft:stone_pickaxe":26,"minecraft:dried_kelp":8,"minecraft:poppy":1,"minecraft:birch_boat":2,"minecraft:wooden_pickaxe":26,"minecraft:rotten_flesh":1,"minecraft:dirt":4,"minecraft:crafting_table":4,"minecraft:mushroom_stew":1,"minecraft:wooden_axe":73,"travelersbackpack:white_sleeping_bag":1,"minecraft:stone_axe":232,"minecraft:furnace":2,"minecraft:cooked_porkchop":1,"tombstone:gift":2},"minecraft:mined":{"minecraft:kelp_plant":3,"minecraft:crafting_table":5,"minecraft:grass_block":3,"minecraft:jungle_log":107,"minecraft:mushroom_stem":12,"minecraft:brown_mushroom_block":64,"travelersbackpack:white_sleeping_bag":1,"minecraft:sugar_cane":1,"minecraft:kelp":1,"minecraft:birch_planks":3,"minecraft:furnace":2,"minecraft:birch_log":47,"minecraft:iron_ore":19,"minecraft:grass":2,"minecraft:vine":1,"minecraft:coal_ore":5,"minecraft:oak_log":4,"minecraft:dirt":2,"minecraft:red_mushroom_block":18,"minecraft:stone":18,"minecraft:oak_leaves":6},"minecraft:broken":{"minecraft:stone_axe":2,"minecraft:wooden_axe":1},"minecraft:custom":{"minecraft:interact_with_furnace":29,"minecraft:mob_kills":16,"minecraft:interact_with_crafting_table":16,"minecraft:sleep_in_bed":1,"minecraft:leave_game":3,"minecraft:time_since_death":18168,"minecraft:climb_one_cm":461,"minecraft:time_since_rest":681,"minecraft:sprint_one_cm":72799,"minecraft:damage_taken":1764,"minecraft:walk_one_cm":58045,"minecraft:drop":15,"minecraft:damage_dealt":3066,"minecraft:swim_one_cm":15462,"minecraft:fly_one_cm":89695,"minecraft:crouch_one_cm":11010,"minecraft:play_time":38107,"tombstone:undead_killed":2,"minecraft:deaths":5,"minecraft:sneak_time":4619,"minecraft:walk_under_water_one_cm":16249,"minecraft:boat_one_cm":8262,"minecraft:jump":308,"minecraft:walk_on_water_one_cm":4359,"minecraft:total_world_time":38107,"minecraft:fall_one_cm":10084}},"DataVersion":3465}