{"stats":{"minecraft:crafted":{"minecraft:red_stained_glass_pane":112,"minecraft:oak_planks":16,"minecraft:cobblestone_slab":24,"minecraft:barrel":3,"minecraft:dark_oak_boat":1,"minecraft:cooked_chicken":5,"minecraft:stone":20,"minecraft:diamond_shovel":1,"minecraft:cooked_mutton":9,"minecraft:hopper":2,"minecraft:glass":88,"minecraft:dark_oak_door":3,"minecraft:diamond_helmet":1,"minecraft:diamond_leggings":1,"minecraft:iron_boots":2,"justhammers:diamond_hammer":1,"minecraft:chest":4,"minecraft:rail":16,"minecraft:raw_iron_block":20,"minecraft:smoker":2,"minecraft:dropper":1,"travelersbackpack:iron_tier_upgrade":2,"minecraft:emerald":3,"minecraft:cooked_porkchop":20,"minecraft:crafting_table":13,"minecraft:iron_helmet":2,"minecraft:wooden_pickaxe":2,"minecraft:baked_potato":31,"travelersbackpack:standard":3,"minecraft:smithing_table":1,"minecraft:birch_planks":32,"minecraft:dispenser":1,"minecraft:dark_oak_slab":48,"minecraft:iron_chestplate":4,"minecraft:shield":2,"minecraft:stick":68,"minecraft:iron_ingot":60,"minecraft:iron_pickaxe":1,"minecraft:gold_ingot":2,"minecraft:redstone_torch":7,"minecraft:composter":2,"minecraft:wooden_sword":2,"twilightforest:time_planks":4,"minecraft:raw_iron":180,"minecraft:stone_shovel":1,"minecraft:iron_nugget":2,"minecraft:furnace":5,"minecraft:dark_oak_trapdoor":12,"minecraft:mushroom_stew":4,"travelersbackpack:blank_upgrade":4,"travelersbackpack:gold_tier_upgrade":2,"minecraft:glass_pane":112,"travelersbackpack:white_sleeping_bag":2,"minecraft:iron_axe":1,"minecraft:ladder":6,"minecraft:iron_hoe":1,"minecraft:stone_pickaxe":1,"minecraft:diamond_boots":1,"minecraft:dark_oak_planks":140,"minecraft:minecart":1,"minecraft:wheat":72,"minecraft:cooked_beef":45,"minecraft:red_dye":14,"travelersbackpack:backpack_tank":6,"minecraft:dried_kelp":8,"minecraft:powered_rail":6,"minecraft:activator_rail":6,"minecraft:iron_sword":3,"minecraft:bowl":8,"minecraft:bucket":2,"minecraft:dark_oak_button":1,"minecraft:stone_axe":4,"minecraft:air":0,"minecraft:bread":288,"minecraft:jungle_planks":36,"minecraft:jungle_door":3,"justhammers:iron_hammer":1,"justhammers:stone_hammer":1,"minecraft:wooden_axe":3,"minecraft:iron_leggings":2,"minecraft:acacia_planks":4,"minecraft:torch":16,"minecraft:lapis_block":25,"minecraft:diamond_chestplate":1},"minecraft:mined":{"minecraft:dark_oak_planks":3,"minecraft:white_bed":2,"minecraft:cherry_log":20,"minecraft:jungle_leaves":5,"minecraft:obsidian":1,"minecraft:acacia_log":15,"minecraft:grass_block":177,"minecraft:jungle_log":124,"minecraft:hopper":1,"minecraft:composter":2,"minecraft:frosted_ice":2,"minecraft:spawner":2,"minecraft:tall_seagrass":2,"minecraft:dark_oak_trapdoor":4,"minecraft:cobbled_deepslate":8,"minecraft:fire":18,"minecraft:iron_ore":36,"minecraft:barrel":4,"minecraft:dark_oak_stairs":1,"minecraft:pointed_dripstone":2,"minecraft:dirt_path":1,"minecraft:kelp_plant":8,"minecraft:smoker":1,"minecraft:powder_snow":10,"minecraft:torch":6,"minecraft:poppy":101,"minecraft:chest":1,"minecraft:mushroom_stem":12,"minecraft:glass":4,"minecraft:cobblestone":101,"minecraft:sugar_cane":1,"minecraft:wall_torch":15,"minecraft:seagrass":3,"minecraft:birch_log":47,"minecraft:wheat":15,"minecraft:grass":120,"minecraft:oak_log":4,"minecraft:beetroots":2,"minecraft:sand":117,"minecraft:dirt":367,"minecraft:red_mushroom_block":18,"minecraft:netherrack":64,"minecraft:oak_leaves":13,"minecraft:deepslate":27,"minecraft:diamond_ore":2,"minecraft:tuff":1,"minecraft:deepslate_diamond_ore":2,"minecraft:dark_oak_log":72,"minecraft:ladder":1,"minecraft:spruce_fence":6,"minecraft:brown_mushroom_block":68,"travelersbackpack:white_sleeping_bag":7,"minecraft:kelp":2,"minecraft:hay_block":8,"minecraft:redstone_ore":1,"minecraft:furnace":6,"minecraft:carrots":57,"minecraft:andesite":4,"minecraft:peony":1,"minecraft:gold_block":1,"minecraft:potatoes":2,"minecraft:deepslate_iron_ore":11,"minecraft:cobblestone_slab":4,"minecraft:vine":2,"minecraft:rail":8,"minecraft:bamboo":1,"minecraft:stone":151,"minecraft:dandelion":1,"travelersbackpack:standard":1,"minecraft:crafting_table":13,"minecraft:dropper":1,"minecraft:rose_bush":1,"minecraft:tall_grass":25,"minecraft:lapis_ore":1,"minecraft:deepslate_gold_ore":9,"minecraft:diorite":32,"minecraft:birch_planks":3,"minecraft:birch_leaves":6,"minecraft:yellow_bed":9,"minecraft:coal_ore":19,"minecraft:gravel":20,"minecraft:cobweb":45,"minecraft:gold_ore":3,"minecraft:fern":1},"minecraft:killed_by":{"grimoireofgaia:mermaid":1,"grimoireofgaia:cecaelia":13,"grimoireofgaia:bone_knight":1,"minecraft:cave_spider":2,"grimoireofgaia:minotaurus":3,"grimoireofgaia:harpy":1,"grimoireofgaia:banshee":1,"grimoireofgaia:dwarf":1,"grimoireofgaia:cobblestone_golem":1,"minecraft:player":2,"grimoireofgaia:flesh_lich":1},"minecraft:broken":{"minecraft:iron_shovel":1,"minecraft:iron_boots":1,"minecraft:wooden_sword":1,"minecraft:stone_axe":4,"minecraft:iron_sword":2,"minecraft:wooden_axe":1,"minecraft:stone_shovel":1,"minecraft:iron_axe":1,"minecraft:iron_pickaxe":1,"minecraft:iron_helmet":2},"minecraft:custom":{"minecraft:interact_with_crafting_table":99,"minecraft:open_barrel":13,"minecraft:leave_game":6,"minecraft:time_since_death":13415,"minecraft:sprint_one_cm":1006349,"minecraft:damage_blocked_by_shield":310,"minecraft:drop":83,"minecraft:talked_to_villager":16,"minecraft:play_time":403767,"minecraft:deaths":28,"minecraft:jump":4464,"minecraft:walk_on_water_one_cm":83840,"minecraft:enchant_item":5,"minecraft:interact_with_furnace":75,"minecraft:traded_with_villager":51,"minecraft:sleep_in_bed":14,"minecraft:damage_dealt":49989,"minecraft:crouch_one_cm":137733,"tombstone:undead_killed":50,"minecraft:interact_with_smoker":18,"minecraft:inspect_dispenser":2,"minecraft:interact_with_smithing_table":5,"minecraft:inspect_dropper":2,"minecraft:mob_kills":184,"minecraft:inspect_hopper":7,"minecraft:damage_dealt_resisted":988,"minecraft:climb_one_cm":4909,"minecraft:walk_one_cm":706884,"minecraft:sneak_time":58108,"minecraft:walk_under_water_one_cm":136592,"minecraft:boat_one_cm":483999,"minecraft:interact_with_blast_furnace":16,"minecraft:total_world_time":403767,"tombstone:raider_killed":6,"minecraft:time_since_rest":13265,"minecraft:damage_taken":15641,"minecraft:swim_one_cm":164451,"minecraft:fly_one_cm":688333,"minecraft:open_chest":205,"minecraft:fall_one_cm":139635},"minecraft:used":{"minecraft:beetroot":1,"minecraft:iron_shovel":254,"minecraft:dispenser":1,"minecraft:ladder":7,"minecraft:poppy":79,"minecraft:shield":5,"minecraft:iron_sword":652,"grimoireofgaia:soulfire":11,"minecraft:rotten_flesh":5,"minecraft:carrot":145,"minecraft:tuff":14,"minecraft:obsidian":15,"minecraft:glass":10,"grimoireofgaia:honeydew":2,"grimoireofgaia:iron_shield":4,"minecraft:iron_helmet":1,"minecraft:dark_oak_button":1,"minecraft:red_stained_glass_pane":110,"minecraft:dark_oak_boat":4,"minecraft:furnace":6,"minecraft:beetroot_seeds":4,"grimoireofgaia:meat":5,"grimoireofgaia:metal_dagger":98,"minecraft:potato":35,"minecraft:dark_oak_sapling":6,"minecraft:dropper":1,"minecraft:powered_rail":2,"minecraft:stone_pickaxe":75,"minecraft:wooden_pickaxe":26,"minecraft:composter":3,"minecraft:clay":1,"minecraft:dark_oak_trapdoor":16,"minecraft:sand":14,"minecraft:mushroom_stew":8,"minecraft:redstone_torch":2,"minecraft:bread":292,"grimoireofgaia:taproot":2,"tombstone:grave_key":1,"minecraft:wooden_sword":85,"minecraft:smithing_table":1,"grimoireofgaia:cursed_metal_sword":10,"minecraft:bone_meal":50,"minecraft:experience_bottle":2,"minecraft:tropical_fish":2,"minecraft:stone_shovel":131,"minecraft:dried_kelp":8,"minecraft:cooked_chicken":5,"minecraft:netherrack":2,"minecraft:torch":47,"minecraft:dirt":314,"minecraft:wheat":12,"minecraft:hopper":3,"minecraft:iron_hoe":105,"minecraft:wooden_axe":134,"minecraft:iron_axe":141,"minecraft:jungle_log":43,"minecraft:barrel":3,"minecraft:bamboo":7,"minecraft:goat_horn":12,"tombstone:gift":3,"minecraft:cooked_beef":34,"minecraft:cobbled_deepslate":358,"minecraft:wheat_seeds":19,"minecraft:cooked_mutton":7,"minecraft:water_bucket":34,"minecraft:birch_planks":3,"minecraft:baked_potato":19,"minecraft:birch_boat":2,"minecraft:cobblestone_slab":24,"minecraft:rail":13,"justhammers:diamond_hammer":454,"minecraft:crafting_table":25,"justhammers:iron_hammer":126,"minecraft:smoker":2,"minecraft:dark_oak_door":2,"tombstone:bag_of_seeds":2,"minecraft:diamond_shovel":154,"tombstone:tablet_of_assistance":5,"minecraft:iron_pickaxe":252,"minecraft:suspicious_stew":2,"travelersbackpack:white_sleeping_bag":8,"justhammers:stone_hammer":173,"minecraft:stone_axe":404,"minecraft:cobblestone":386,"travelersbackpack:standard":5,"minecraft:cooked_porkchop":20,"minecraft:jungle_door":2,"minecraft:bucket":35,"minecraft:yellow_bed":9},"minecraft:picked_up":{"minecraft:wooden_axe":1,"minecraft:wheat":4,"minecraft:enchanted_book":2,"minecraft:string":66,"minecraft:dark_oak_trapdoor":4,"minecraft:raw_copper":34,"minecraft:iron_leggings":1,"minecraft:beetroot":1,"minecraft:gold_nugget":23,"minecraft:cobbled_deepslate":2885,"grimoireofgaia:iron_shield":1,"minecraft:spruce_planks":1,"minecraft:rose_bush":1,"minecraft:redstone_torch":1,"minecraft:cobblestone_slab":4,"minecraft:iron_boots":2,"minecraft:furnace":5,"grimoireofgaia:taproot":3,"minecraft:stick":30,"minecraft:jungle_door":1,"minecraft:composter":2,"minecraft:acacia_log":15,"minecraft:torch":52,"hmag:diamond_fragment":2,"minecraft:porkchop":21,"minecraft:dried_kelp":1,"minecraft:cherry_log":20,"minecraft:pointed_dripstone":7,"tombstone:grave_dust":7,"minecraft:diorite":77,"minecraft:rotten_flesh":22,"grimoireofgaia:stone_coal":3,"minecraft:tropical_fish":2,"minecraft:obsidian":21,"minecraft:cobblestone":690,"minecraft:birch_log":47,"minecraft:pink_petals":3,"minecraft:feather":10,"minecraft:andesite":21,"minecraft:jungle_log":121,"minecraft:dark_oak_boat":4,"minecraft:smoker":1,"minecraft:potato":2,"minecraft:tuff":153,"minecraft:lapis_lazuli":288,"minecraft:dirt":559,"minecraft:glass":8,"minecraft:bone":24,"minecraft:bow":1,"minecraft:wheat_seeds":29,"minecraft:raw_gold":45,"minecraft:bamboo":15,"minecraft:moss_block":1,"minecraft:pitcher_pod":2,"minecraft:cooked_porkchop":4,"hmag:soul_powder":3,"minecraft:dropper":1,"minecraft:sand":116,"grimoireofgaia:fireshard":2,"hmag:kobold_leather":2,"minecraft:mossy_cobblestone":1,"minecraft:dark_oak_log":72,"minecraft:barrel":4,"grimoireofgaia:shiny_pearl":12,"travelersbackpack:white_sleeping_bag":7,"minecraft:bundle":2,"minecraft:clay":2,"minecraft:diamond":77,"minecraft:crossbow":1,"minecraft:granite":17,"minecraft:bone_meal":48,"minecraft:emerald":15,"minecraft:oak_sapling":1,"minecraft:netherrack":192,"minecraft:cocoa_beans":9,"minecraft:crafting_table":13,"grimoireofgaia:soulfire":11,"minecraft:chicken":5,"minecraft:ladder":1,"minecraft:brown_mushroom":15,"minecraft:wooden_pickaxe":1,"minecraft:gold_block":2,"minecraft:shield":2,"minecraft:iron_shovel":1,"grimoireofgaia:honeydew":2,"minecraft:beef":34,"minecraft:jungle_sapling":8,"minecraft:iron_nugget":38,"minecraft:poppy":107,"minecraft:minecart":2,"minecraft:sugar_cane":4,"minecraft:birch_sapling":19,"minecraft:dark_oak_sapling":9,"minecraft:raw_iron":261,"grimoireofgaia:meat":5,"minecraft:carrot":162,"minecraft:redstone":97,"minecraft:dark_oak_planks":4,"minecraft:arrow":20,"minecraft:beetroot_seeds":4,"minecraft:hay_block":8,"minecraft:saddle":1,"minecraft:mutton":32,"minecraft:rail":12,"minecraft:white_wool":19,"minecraft:basalt":2,"minecraft:glow_ink_sac":19,"minecraft:salmon":1,"minecraft:leather":17,"minecraft:red_mushroom":5,"minecraft:birch_planks":3,"minecraft:mushroom_stew":4,"minecraft:oak_log":4,"minecraft:yellow_bed":9,"minecraft:gunpowder":3,"tombstone:gift":1,"minecraft:apple":1,"minecraft:kelp":19,"minecraft:iron_ingot":1,"minecraft:stone_pickaxe":1,"tombstone:bag_of_seeds":4,"minecraft:stripped_oak_wood":1,"minecraft:acacia_sapling":3,"grimoireofgaia:zombie_staff":1,"minecraft:birch_boat":2,"minecraft:quartz":1,"minecraft:dandelion":2,"minecraft:dripstone_block":8,"minecraft:gravel":17,"twilightforest:time_log":1,"minecraft:white_bed":2,"minecraft:spider_eye":8,"travelersbackpack:standard":2,"minecraft:pumpkin_seeds":4,"minecraft:iron_helmet":1,"minecraft:cherry_sapling":14,"tombstone:magic_scroll":1,"minecraft:black_wool":1,"minecraft:coal":228,"minecraft:hopper":1,"minecraft:ender_pearl":2},"minecraft:dropped":{"minecraft:moss_block":1,"minecraft:lapis_lazuli":13,"minecraft:baked_potato":2,"minecraft:cooked_porkchop":4,"minecraft:jungle_planks":2,"travelersbackpack:standard":1,"minecraft:gold_block":1,"minecraft:dirt":19,"tombstone:bag_of_seeds":2,"minecraft:jungle_sapling":6,"minecraft:gold_nugget":2,"minecraft:wooden_sword":1,"minecraft:white_wool":10,"minecraft:bone":4,"minecraft:dark_oak_door":1,"minecraft:goat_horn":1,"minecraft:iron_nugget":6,"minecraft:birch_sapling":17,"minecraft:wheat":4,"minecraft:rotten_flesh":5,"minecraft:cooked_mutton":2,"minecraft:carrot":19,"minecraft:poppy":1,"justhammers:stone_hammer":1,"minecraft:acacia_sapling":3,"minecraft:arrow":1,"minecraft:glass":8,"minecraft:netherrack":13,"minecraft:enchanted_book":1,"minecraft:iron_ingot":1,"minecraft:wheat_seeds":2,"minecraft:tnt":2,"minecraft:cobblestone":16,"grimoireofgaia:shiny_pearl":1,"minecraft:stick":1,"minecraft:diorite":6,"minecraft:torch":1,"minecraft:wooden_axe":1,"grimoireofgaia:taproot":1,"minecraft:jungle_door":2,"minecraft:iron_shovel":1,"minecraft:furnace":1,"minecraft:kelp":4,"minecraft:cocoa_beans":3,"minecraft:bowl":10,"minecraft:tuff":2,"minecraft:iron_boots":1,"minecraft:pumpkin_seeds":2,"minecraft:filled_map":1,"minecraft:shield":3,"minecraft:iron_chestplate":1,"minecraft:wooden_pickaxe":1},"minecraft:killed":{"minecraft:cave_spider":14,"minecraft:spider":7,"grimoireofgaia:sporeling":5,"grimoireofgaia:minotaurus":1,"grimoireofgaia:goblin":1,"minecraft:skeleton":19,"grimoireofgaia:mimic":1,"minecraft:chicken":5,"minecraft:tropical_fish":3,"grimoireofgaia:mandragora":1,"grimoireofgaia:flesh_lich":3,"minecraft:pig":7,"grimoireofgaia:bone_knight":1,"grimoireofgaia:banshee":3,"minecraft:salmon":1,"hmag:wither_ghost":1,"minecraft:creeper":2,"minecraft:sheep":20,"minecraft:pillager":6,"minecraft:zombie":13,"grimoireofgaia:harpy":5,"hmag:ogre":1,"grimoireofgaia:dryad":1,"minecraft:cow":17,"grimoireofgaia:satyress":1,"grimoireofgaia:succubus":2,"hmag:skeleton_girl":3,"grimoireofgaia:bee":4,"hmag:zombie_girl":2,"grimoireofgaia:creep":1,"minecraft:drowned":1,"grimoireofgaia:dwarf":2,"grimoireofgaia:dullahan":9,"grimoireofgaia:cyan_flower":1,"hmag:ghost":4,"grimoireofgaia:cecaelia":6,"hmag:kobold":1,"grimoireofgaia:arachne":2,"grimoireofgaia:matango":1,"grimoireofgaia:werecat":2,"minecraft:enderman":2}},"DataVersion":3465}