{"stats":{"minecraft:crafted":{"minecraft:red_stained_glass_pane":112,"minecraft:oak_planks":16,"minecraft:cobblestone_slab":24,"minecraft:barrel":3,"minecraft:dark_oak_boat":1,"minecraft:cooked_chicken":5,"minecraft:stone":6,"minecraft:cooked_mutton":9,"minecraft:glass":88,"minecraft:dark_oak_door":3,"minecraft:iron_boots":1,"minecraft:chest":2,"minecraft:rail":16,"minecraft:raw_iron_block":20,"minecraft:smoker":2,"minecraft:dropper":1,"travelersbackpack:iron_tier_upgrade":2,"minecraft:emerald":3,"minecraft:cooked_porkchop":18,"minecraft:crafting_table":13,"minecraft:iron_helmet":2,"minecraft:wooden_pickaxe":2,"minecraft:baked_potato":13,"travelersbackpack:standard":3,"minecraft:smithing_table":1,"minecraft:birch_planks":32,"minecraft:dispenser":1,"minecraft:dark_oak_slab":48,"minecraft:iron_chestplate":3,"minecraft:shield":2,"minecraft:stick":64,"minecraft:iron_ingot":49,"minecraft:iron_pickaxe":1,"minecraft:gold_ingot":1,"minecraft:redstone_torch":7,"minecraft:composter":2,"minecraft:wooden_sword":2,"twilightforest:time_planks":4,"minecraft:raw_iron":18,"minecraft:stone_shovel":1,"minecraft:iron_nugget":2,"minecraft:furnace":5,"minecraft:dark_oak_trapdoor":12,"minecraft:mushroom_stew":4,"travelersbackpack:blank_upgrade":4,"travelersbackpack:gold_tier_upgrade":2,"minecraft:glass_pane":112,"travelersbackpack:white_sleeping_bag":2,"minecraft:iron_axe":1,"minecraft:ladder":6,"minecraft:iron_hoe":1,"minecraft:stone_pickaxe":1,"minecraft:dark_oak_planks":140,"minecraft:minecart":1,"minecraft:wheat":72,"minecraft:cooked_beef":34,"minecraft:red_dye":14,"travelersbackpack:backpack_tank":6,"minecraft:dried_kelp":8,"minecraft:powered_rail":6,"minecraft:activator_rail":6,"minecraft:iron_sword":3,"minecraft:bowl":8,"minecraft:bucket":2,"minecraft:dark_oak_button":1,"minecraft:stone_axe":4,"minecraft:air":0,"minecraft:bread":288,"minecraft:jungle_planks":36,"minecraft:jungle_door":3,"justhammers:iron_hammer":1,"justhammers:stone_hammer":1,"minecraft:wooden_axe":3,"minecraft:iron_leggings":1,"minecraft:acacia_planks":4,"minecraft:torch":16,"minecraft:lapis_block":25},"minecraft:mined":{"minecraft:dark_oak_planks":3,"minecraft:white_bed":2,"minecraft:cherry_log":20,"minecraft:jungle_leaves":5,"minecraft:acacia_log":15,"minecraft:grass_block":135,"minecraft:jungle_log":124,"minecraft:composter":2,"minecraft:frosted_ice":2,"minecraft:spawner":2,"minecraft:tall_seagrass":2,"minecraft:dark_oak_trapdoor":4,"minecraft:cobbled_deepslate":3,"minecraft:fire":9,"minecraft:iron_ore":36,"minecraft:barrel":3,"minecraft:dark_oak_stairs":1,"minecraft:pointed_dripstone":2,"minecraft:dirt_path":1,"minecraft:kelp_plant":8,"minecraft:smoker":1,"minecraft:powder_snow":10,"minecraft:torch":6,"minecraft:poppy":101,"minecraft:chest":1,"minecraft:mushroom_stem":12,"minecraft:glass":4,"minecraft:cobblestone":95,"minecraft:sugar_cane":1,"minecraft:wall_torch":6,"minecraft:seagrass":3,"minecraft:birch_log":47,"minecraft:wheat":15,"minecraft:grass":118,"minecraft:oak_log":4,"minecraft:beetroots":2,"minecraft:sand":117,"minecraft:dirt":252,"minecraft:red_mushroom_block":18,"minecraft:oak_leaves":13,"minecraft:deepslate":22,"minecraft:diamond_ore":2,"minecraft:deepslate_diamond_ore":1,"minecraft:dark_oak_log":35,"minecraft:ladder":1,"minecraft:spruce_fence":6,"minecraft:brown_mushroom_block":68,"travelersbackpack:white_sleeping_bag":7,"minecraft:kelp":2,"minecraft:hay_block":8,"minecraft:redstone_ore":1,"minecraft:furnace":6,"minecraft:carrots":57,"minecraft:andesite":4,"minecraft:peony":1,"minecraft:gold_block":1,"minecraft:potatoes":2,"minecraft:deepslate_iron_ore":11,"minecraft:cobblestone_slab":4,"minecraft:vine":2,"minecraft:rail":8,"minecraft:bamboo":1,"minecraft:stone":149,"minecraft:dandelion":1,"travelersbackpack:standard":1,"minecraft:crafting_table":13,"minecraft:dropper":1,"minecraft:rose_bush":1,"minecraft:tall_grass":25,"minecraft:lapis_ore":1,"minecraft:deepslate_gold_ore":9,"minecraft:diorite":27,"minecraft:birch_planks":3,"minecraft:birch_leaves":6,"minecraft:yellow_bed":9,"minecraft:coal_ore":19,"minecraft:gravel":14,"minecraft:cobweb":45,"minecraft:gold_ore":3,"minecraft:fern":1},"minecraft:killed_by":{"grimoireofgaia:mermaid":1,"grimoireofgaia:cecaelia":13,"grimoireofgaia:bone_knight":1,"minecraft:cave_spider":1,"grimoireofgaia:minotaurus":2,"grimoireofgaia:harpy":1,"grimoireofgaia:banshee":1,"grimoireofgaia:dwarf":1,"grimoireofgaia:cobblestone_golem":1,"minecraft:player":2,"grimoireofgaia:flesh_lich":1},"minecraft:broken":{"minecraft:iron_shovel":1,"minecraft:wooden_sword":1,"minecraft:stone_axe":3,"minecraft:iron_sword":2,"minecraft:wooden_axe":1,"minecraft:stone_shovel":1,"minecraft:iron_axe":1,"minecraft:iron_pickaxe":1,"minecraft:iron_helmet":2},"minecraft:custom":{"minecraft:interact_with_crafting_table":89,"minecraft:open_barrel":7,"minecraft:leave_game":6,"minecraft:time_since_death":25910,"minecraft:sprint_one_cm":907029,"minecraft:damage_blocked_by_shield":265,"minecraft:drop":78,"minecraft:talked_to_villager":16,"minecraft:play_time":343767,"minecraft:deaths":26,"minecraft:jump":3755,"minecraft:walk_on_water_one_cm":57328,"minecraft:enchant_item":3,"minecraft:interact_with_furnace":71,"minecraft:traded_with_villager":51,"minecraft:sleep_in_bed":14,"minecraft:damage_dealt":40868,"minecraft:crouch_one_cm":112461,"tombstone:undead_killed":34,"minecraft:interact_with_smoker":12,"minecraft:inspect_dispenser":2,"minecraft:interact_with_smithing_table":4,"minecraft:inspect_dropper":2,"minecraft:mob_kills":151,"minecraft:damage_dealt_resisted":695,"minecraft:climb_one_cm":3677,"minecraft:walk_one_cm":554790,"minecraft:sneak_time":48885,"minecraft:walk_under_water_one_cm":131806,"minecraft:boat_one_cm":483999,"minecraft:interact_with_blast_furnace":5,"minecraft:total_world_time":343767,"tombstone:raider_killed":6,"minecraft:time_since_rest":25753,"minecraft:damage_taken":14011,"minecraft:swim_one_cm":158636,"minecraft:fly_one_cm":605227,"minecraft:open_chest":155,"minecraft:fall_one_cm":122395},"minecraft:used":{"minecraft:beetroot":1,"minecraft:iron_shovel":254,"minecraft:dispenser":1,"minecraft:ladder":7,"minecraft:poppy":79,"minecraft:shield":5,"minecraft:iron_sword":469,"grimoireofgaia:soulfire":9,"minecraft:rotten_flesh":1,"minecraft:carrot":145,"minecraft:glass":10,"grimoireofgaia:honeydew":2,"grimoireofgaia:iron_shield":3,"minecraft:iron_helmet":1,"minecraft:dark_oak_button":1,"minecraft:red_stained_glass_pane":110,"minecraft:dark_oak_boat":4,"minecraft:furnace":6,"minecraft:beetroot_seeds":4,"grimoireofgaia:meat":5,"grimoireofgaia:metal_dagger":98,"minecraft:potato":35,"minecraft:dropper":1,"minecraft:powered_rail":2,"minecraft:stone_pickaxe":75,"minecraft:wooden_pickaxe":26,"minecraft:composter":3,"minecraft:clay":1,"minecraft:dark_oak_trapdoor":16,"minecraft:sand":14,"minecraft:mushroom_stew":8,"minecraft:redstone_torch":2,"minecraft:bread":292,"grimoireofgaia:taproot":2,"tombstone:grave_key":1,"minecraft:wooden_sword":85,"minecraft:smithing_table":1,"grimoireofgaia:cursed_metal_sword":10,"minecraft:bone_meal":50,"minecraft:experience_bottle":2,"minecraft:tropical_fish":2,"minecraft:stone_shovel":131,"minecraft:dried_kelp":8,"minecraft:cooked_chicken":5,"minecraft:torch":35,"minecraft:dirt":157,"minecraft:wheat":12,"minecraft:iron_hoe":105,"minecraft:wooden_axe":134,"minecraft:iron_axe":141,"minecraft:jungle_log":43,"minecraft:barrel":3,"minecraft:goat_horn":12,"tombstone:gift":3,"minecraft:cooked_beef":31,"minecraft:cobbled_deepslate":99,"minecraft:wheat_seeds":19,"minecraft:cooked_mutton":4,"minecraft:water_bucket":20,"minecraft:birch_planks":3,"minecraft:baked_potato":11,"minecraft:birch_boat":2,"minecraft:cobblestone_slab":24,"minecraft:rail":13,"minecraft:crafting_table":25,"justhammers:iron_hammer":58,"minecraft:smoker":2,"minecraft:dark_oak_door":2,"tombstone:bag_of_seeds":2,"tombstone:tablet_of_assistance":5,"minecraft:iron_pickaxe":252,"minecraft:suspicious_stew":2,"travelersbackpack:white_sleeping_bag":8,"justhammers:stone_hammer":173,"minecraft:stone_axe":367,"minecraft:cobblestone":359,"travelersbackpack:standard":5,"minecraft:cooked_porkchop":18,"minecraft:jungle_door":2,"minecraft:bucket":21,"minecraft:yellow_bed":9},"minecraft:picked_up":{"minecraft:wooden_axe":1,"minecraft:wheat":4,"minecraft:enchanted_book":2,"minecraft:string":59,"minecraft:dark_oak_trapdoor":4,"minecraft:raw_copper":34,"minecraft:iron_leggings":1,"minecraft:beetroot":1,"minecraft:gold_nugget":19,"minecraft:cobbled_deepslate":252,"grimoireofgaia:iron_shield":1,"minecraft:spruce_planks":1,"minecraft:rose_bush":1,"minecraft:redstone_torch":1,"minecraft:cobblestone_slab":4,"minecraft:iron_boots":2,"minecraft:furnace":5,"grimoireofgaia:taproot":3,"minecraft:stick":22,"minecraft:jungle_door":1,"minecraft:composter":2,"minecraft:acacia_log":15,"minecraft:torch":42,"minecraft:porkchop":21,"minecraft:dried_kelp":1,"minecraft:cherry_log":20,"minecraft:pointed_dripstone":7,"tombstone:grave_dust":6,"minecraft:diorite":71,"minecraft:rotten_flesh":18,"grimoireofgaia:stone_coal":2,"minecraft:tropical_fish":2,"minecraft:cobblestone":642,"minecraft:birch_log":47,"minecraft:pink_petals":3,"minecraft:feather":10,"minecraft:andesite":21,"minecraft:jungle_log":121,"minecraft:dark_oak_boat":4,"minecraft:smoker":1,"minecraft:potato":2,"minecraft:tuff":27,"minecraft:lapis_lazuli":233,"minecraft:dirt":402,"minecraft:glass":8,"minecraft:bone":12,"minecraft:wheat_seeds":28,"minecraft:raw_gold":43,"minecraft:bamboo":15,"minecraft:moss_block":1,"minecraft:pitcher_pod":2,"minecraft:cooked_porkchop":4,"hmag:soul_powder":3,"minecraft:dropper":1,"minecraft:sand":116,"minecraft:mossy_cobblestone":1,"minecraft:dark_oak_log":35,"minecraft:barrel":3,"grimoireofgaia:shiny_pearl":12,"travelersbackpack:white_sleeping_bag":7,"minecraft:bundle":2,"minecraft:clay":2,"minecraft:diamond":13,"minecraft:crossbow":1,"minecraft:granite":14,"minecraft:bone_meal":48,"minecraft:emerald":15,"minecraft:oak_sapling":1,"minecraft:cocoa_beans":9,"minecraft:crafting_table":13,"grimoireofgaia:soulfire":11,"minecraft:chicken":5,"minecraft:ladder":1,"minecraft:brown_mushroom":15,"minecraft:wooden_pickaxe":1,"minecraft:gold_block":2,"minecraft:shield":2,"minecraft:iron_shovel":1,"grimoireofgaia:honeydew":2,"minecraft:beef":34,"minecraft:jungle_sapling":8,"minecraft:iron_nugget":36,"minecraft:poppy":107,"minecraft:minecart":2,"minecraft:sugar_cane":4,"minecraft:birch_sapling":19,"minecraft:dark_oak_sapling":3,"minecraft:raw_iron":257,"grimoireofgaia:meat":5,"minecraft:carrot":143,"minecraft:redstone":57,"minecraft:dark_oak_planks":4,"minecraft:arrow":8,"minecraft:beetroot_seeds":4,"minecraft:hay_block":8,"minecraft:saddle":1,"minecraft:mutton":32,"minecraft:rail":12,"minecraft:white_wool":19,"minecraft:glow_ink_sac":12,"minecraft:salmon":1,"minecraft:leather":17,"minecraft:red_mushroom":5,"minecraft:birch_planks":3,"minecraft:mushroom_stew":4,"minecraft:oak_log":4,"minecraft:yellow_bed":9,"minecraft:kelp":19,"minecraft:iron_ingot":1,"tombstone:bag_of_seeds":4,"minecraft:stripped_oak_wood":1,"minecraft:acacia_sapling":3,"grimoireofgaia:zombie_staff":1,"minecraft:birch_boat":2,"minecraft:dandelion":2,"minecraft:dripstone_block":8,"minecraft:gravel":13,"twilightforest:time_log":1,"minecraft:white_bed":2,"minecraft:spider_eye":5,"travelersbackpack:standard":2,"minecraft:pumpkin_seeds":4,"minecraft:iron_helmet":1,"minecraft:cherry_sapling":14,"tombstone:magic_scroll":1,"minecraft:black_wool":1,"minecraft:coal":227,"minecraft:ender_pearl":1},"minecraft:dropped":{"minecraft:moss_block":1,"minecraft:lapis_lazuli":13,"minecraft:baked_potato":2,"minecraft:cooked_porkchop":4,"minecraft:jungle_planks":2,"travelersbackpack:standard":1,"minecraft:gold_block":1,"minecraft:dirt":19,"tombstone:bag_of_seeds":2,"minecraft:jungle_sapling":6,"minecraft:gold_nugget":2,"minecraft:wooden_sword":1,"minecraft:white_wool":10,"minecraft:bone":4,"minecraft:dark_oak_door":1,"minecraft:goat_horn":1,"minecraft:iron_nugget":6,"minecraft:birch_sapling":17,"minecraft:wheat":4,"minecraft:rotten_flesh":5,"minecraft:cooked_mutton":2,"minecraft:carrot":19,"minecraft:poppy":1,"justhammers:stone_hammer":1,"minecraft:acacia_sapling":3,"minecraft:arrow":1,"minecraft:glass":8,"minecraft:enchanted_book":1,"minecraft:iron_ingot":1,"minecraft:wheat_seeds":1,"minecraft:tnt":2,"minecraft:cobblestone":16,"grimoireofgaia:shiny_pearl":1,"minecraft:stick":1,"minecraft:torch":1,"minecraft:wooden_axe":1,"grimoireofgaia:taproot":1,"minecraft:jungle_door":2,"minecraft:iron_shovel":1,"minecraft:furnace":1,"minecraft:kelp":4,"minecraft:cocoa_beans":3,"minecraft:bowl":10,"minecraft:iron_boots":1,"minecraft:pumpkin_seeds":2,"minecraft:filled_map":1,"minecraft:shield":3,"minecraft:iron_chestplate":1,"minecraft:wooden_pickaxe":1},"minecraft:killed":{"minecraft:cave_spider":10,"minecraft:spider":4,"grimoireofgaia:sporeling":5,"grimoireofgaia:goblin":1,"minecraft:skeleton":10,"minecraft:chicken":5,"minecraft:tropical_fish":3,"grimoireofgaia:mandragora":1,"grimoireofgaia:flesh_lich":2,"minecraft:pig":7,"grimoireofgaia:bone_knight":1,"grimoireofgaia:banshee":3,"minecraft:salmon":1,"minecraft:creeper":2,"minecraft:sheep":20,"minecraft:pillager":6,"minecraft:zombie":10,"grimoireofgaia:harpy":5,"grimoireofgaia:dryad":1,"minecraft:cow":17,"grimoireofgaia:satyress":1,"hmag:skeleton_girl":2,"grimoireofgaia:bee":4,"hmag:zombie_girl":1,"minecraft:drowned":1,"grimoireofgaia:dwarf":2,"grimoireofgaia:dullahan":9,"grimoireofgaia:cyan_flower":1,"hmag:ghost":4,"grimoireofgaia:cecaelia":6,"grimoireofgaia:arachne":1,"grimoireofgaia:matango":1,"grimoireofgaia:werecat":2,"minecraft:enderman":1}},"DataVersion":3465}