{"stats":{"minecraft:custom":{"minecraft:mob_kills":116,"minecraft:inspect_hopper":1,"minecraft:interact_with_crafting_table":62,"minecraft:open_barrel":8,"minecraft:leave_game":45,"minecraft:time_since_death":10522,"minecraft:climb_one_cm":1215,"minecraft:sprint_one_cm":1005646,"minecraft:walk_one_cm":997080,"minecraft:damage_blocked_by_shield":3615,"minecraft:drop":122,"minecraft:talked_to_villager":19,"minecraft:play_time":398391,"minecraft:deaths":16,"minecraft:sneak_time":17552,"minecraft:walk_under_water_one_cm":17726,"minecraft:jump":4549,"minecraft:interact_with_blast_furnace":5,"minecraft:walk_on_water_one_cm":39034,"minecraft:total_world_time":398391,"minecraft:interact_with_furnace":33,"minecraft:pot_flower":5,"minecraft:interact_with_grindstone":1,"minecraft:sleep_in_bed":2,"minecraft:time_since_rest":8123,"minecraft:waystone_activated":2,"minecraft:damage_taken":10049,"minecraft:damage_dealt":21906,"minecraft:crouch_one_cm":53458,"tombstone:undead_killed":63,"minecraft:swim_one_cm":22904,"minecraft:fly_one_cm":825307,"minecraft:open_chest":208,"minecraft:interact_with_smoker":5,"minecraft:fall_one_cm":98666,"minecraft:horse_one_cm":401385},"minecraft:killed":{"minecraft:zombified_piglin":2,"minecraft:spider":12,"hmag:skeleton_girl":1,"minecraft:slime":4,"hmag:ghastly_seeker":1,"minecraft:skeleton":19,"hmag:zombie_girl":4,"minecraft:chicken":3,"minecraft:piglin":2,"hmag:ghost":3,"minecraft:pig":3,"minecraft:salmon":3,"minecraft:iron_golem":1,"hmag:wither_ghost":1,"minecraft:hoglin":2,"minecraft:creeper":2,"minecraft:sheep":5,"minecraft:zombie":33,"minecraft:enderman":2},"minecraft:picked_up":{"minecraft:crafting_table":4,"minecraft:chicken":5,"minecraft:flower_pot":9,"minecraft:diamond_sword":1,"tombstone:tablet_of_home":1,"minecraft:wooden_pickaxe":2,"minecraft:oak_stairs":3,"minecraft:gold_block":1,"minecraft:enchanted_book":14,"minecraft:brewing_stand":1,"minecraft:string":17,"minecraft:red_bed":1,"minecraft:raw_copper":3,"minecraft:iron_axe":1,"minecraft:iron_shovel":1,"minecraft:shroomlight":1,"minecraft:beetroot":15,"minecraft:cobbled_deepslate":187,"minecraft:oak_boat":2,"hmag:cureberry":4,"minecraft:poppy":4,"minecraft:chest":20,"minecraft:birch_sapling":1,"minecraft:egg":15,"minecraft:furnace":3,"minecraft:raw_iron":66,"minecraft:stick":54,"minecraft:cherry_stairs":71,"minecraft:torch":52,"minecraft:bowl":3,"hmag:diamond_fragment":3,"minecraft:porkchop":17,"minecraft:cherry_log":48,"tombstone:grave_dust":16,"minecraft:diorite":1,"minecraft:carrot":32,"minecraft:redstone":22,"minecraft:stone_sword":2,"minecraft:arrow":22,"minecraft:rotten_flesh":77,"minecraft:beetroot_seeds":4,"tombstone:essence_of_undeath":1,"minecraft:mutton":19,"minecraft:white_wool":7,"minecraft:cobblestone":812,"minecraft:birch_log":29,"minecraft:feather":7,"minecraft:andesite":9,"minecraft:cherry_planks":16,"minecraft:cherry_leaves":22,"minecraft:water_bucket":1,"minecraft:salmon":2,"minecraft:golden_leggings":3,"minecraft:potato":64,"minecraft:birch_planks":2,"minecraft:tuff":3,"minecraft:oak_log":210,"minecraft:golden_boots":3,"minecraft:cobblestone_stairs":3,"minecraft:cherry_door":3,"minecraft:lapis_lazuli":166,"minecraft:dirt":548,"minecraft:lantern":10,"minecraft:cooked_mutton":36,"minecraft:leather_boots":5,"minecraft:bone":55,"minecraft:apple":8,"minecraft:bow":5,"minecraft:wheat_seeds":6,"minecraft:raw_gold":39,"minecraft:warped_stem":9,"minecraft:iron_ingot":9,"minecraft:cooked_chicken":2,"tombstone:bag_of_seeds":1,"minecraft:oak_planks":100,"minecraft:acacia_sapling":2,"minecraft:soul_sand":24,"minecraft:book":1,"minecraft:oak_slab":4,"minecraft:cooked_porkchop":2,"minecraft:pumpkin":5,"hmag:soul_powder":3,"minecraft:warped_wart_block":73,"minecraft:gravel":4,"minecraft:spider_eye":2,"minecraft:bundle":3,"minecraft:pumpkin_seeds":1,"minecraft:slime_ball":2,"waystones:waystone":3,"minecraft:cracked_polished_blackstone_bricks":4,"minecraft:granite":14,"minecraft:cherry_sapling":1,"minecraft:gray_wool":5,"minecraft:chainmail_helmet":2,"tombstone:magic_scroll":2,"minecraft:oak_sapling":34,"minecraft:netherrack":53,"minecraft:coal":351},"minecraft:mined":{"minecraft:tuff":3,"minecraft:cobblestone_stairs":3,"minecraft:cherry_log":1,"minecraft:cherry_sapling":1,"minecraft:brewing_stand":1,"minecraft:granite":11,"minecraft:grass_block":115,"minecraft:cracked_polished_blackstone_bricks":3,"minecraft:polished_blackstone_bricks":1,"minecraft:furnace":3,"minecraft:carrots":4,"minecraft:iron_ore":18,"minecraft:nether_sprouts":1,"minecraft:fire":5,"minecraft:cobbled_deepslate":9,"minecraft:andesite":11,"minecraft:pumpkin":3,"minecraft:deepslate_lapis_ore":13,"minecraft:gold_block":1,"minecraft:shroomlight":1,"minecraft:deepslate_iron_ore":52,"minecraft:oak_stairs":3,"minecraft:warped_stem":11,"minecraft:stone":467,"minecraft:cherry_stairs":73,"minecraft:white_wool":3,"minecraft:podzol":3,"minecraft:deepslate_redstone_ore":5,"minecraft:cherry_planks":36,"minecraft:red_bed":3,"minecraft:soul_sand":24,"minecraft:basalt":3,"minecraft:torch":2,"minecraft:crafting_table":5,"minecraft:chest":18,"minecraft:copper_ore":1,"minecraft:tall_grass":8,"minecraft:cobblestone":82,"minecraft:deepslate_gold_ore":33,"minecraft:lapis_ore":2,"minecraft:oak_planks":100,"minecraft:wall_torch":18,"minecraft:diorite":1,"minecraft:warped_wart_block":95,"minecraft:birch_planks":2,"minecraft:birch_log":27,"minecraft:wheat":2,"minecraft:birch_leaves":2,"minecraft:potted_poppy":1,"minecraft:grass":20,"minecraft:coal_ore":205,"minecraft:oak_log":192,"minecraft:beetroots":5,"minecraft:gravel":3,"minecraft:dirt":465,"minecraft:netherrack":55,"minecraft:gold_ore":6,"minecraft:oak_leaves":80,"minecraft:deepslate":122},"minecraft:crafted":{"minecraft:cherry_planks":584,"minecraft:smooth_stone":9,"minecraft:oak_planks":424,"minecraft:barrel":4,"minecraft:smooth_stone_slab":6,"minecraft:birch_slab":6,"minecraft:furnace":5,"minecraft:blast_furnace":1,"minecraft:cobblestone_stairs":28,"minecraft:stone":10,"minecraft:warped_planks":32,"minecraft:iron_boots":1,"minecraft:iron_axe":2,"minecraft:cherry_stairs":52,"minecraft:stone_pickaxe":1,"minecraft:chest":58,"minecraft:oak_slab":6,"minecraft:cooked_porkchop":5,"minecraft:crafting_table":4,"minecraft:wooden_pickaxe":1,"minecraft:iron_helmet":1,"minecraft:iron_sword":2,"minecraft:birch_planks":108,"minecraft:stone_axe":1,"minecraft:air":0,"minecraft:iron_chestplate":1,"minecraft:shield":3,"minecraft:stick":56,"minecraft:iron_ingot":65,"minecraft:iron_pickaxe":4,"minecraft:wooden_axe":1,"minecraft:oak_stairs":36,"minecraft:stone_sword":1,"minecraft:iron_leggings":1,"minecraft:iron_shovel":4,"minecraft:cherry_door":3,"minecraft:gold_ingot":6,"minecraft:armor_stand":4,"minecraft:torch":52,"minecraft:birch_stairs":12},"minecraft:used":{"minecraft:cherry_sapling":1,"minecraft:stone_sword":73,"minecraft:iron_shovel":568,"minecraft:armor_stand":4,"minecraft:chest":62,"minecraft:shield":54,"minecraft:iron_sword":434,"minecraft:cooked_chicken":1,"minecraft:rotten_flesh":3,"minecraft:netherrack":51,"minecraft:iron_chestplate":1,"minecraft:torch":67,"minecraft:dirt":150,"minecraft:warped_wart_block":73,"minecraft:carrot":1,"minecraft:wooden_axe":48,"hmag:exp_berry":6,"minecraft:lantern":2,"minecraft:iron_axe":504,"minecraft:oak_stairs":39,"minecraft:barrel":4,"minecraft:beef":1,"minecraft:bow":14,"minecraft:furnace":7,"tombstone:gift":6,"minecraft:cobbled_deepslate":90,"minecraft:pumpkin":1,"minecraft:golden_axe":18,"minecraft:golden_boots":1,"minecraft:cooked_mutton":18,"minecraft:birch_planks":2,"minecraft:oak_planks":245,"minecraft:leather_leggings":1,"minecraft:diorite":1,"minecraft:cobblestone_stairs":31,"minecraft:stone_pickaxe":131,"minecraft:wooden_pickaxe":18,"minecraft:cherry_planks":19,"minecraft:leather_boots":1,"minecraft:white_wool":3,"minecraft:salmon":2,"minecraft:blast_furnace":1,"minecraft:red_bed":1,"minecraft:crafting_table":7,"tombstone:tablet_of_home":1,"minecraft:warped_planks":20,"tombstone:bag_of_seeds":1,"minecraft:oak_log":100,"waystones:waystone":1,"minecraft:flower_pot":5,"minecraft:apple":38,"minecraft:cherry_door":4,"minecraft:bread":66,"minecraft:iron_pickaxe":981,"tombstone:magic_scroll":1,"hmag:cureberry":1,"minecraft:stone_axe":24,"minecraft:cobblestone":470,"minecraft:cherry_stairs":103,"minecraft:porkchop":2,"minecraft:cooked_porkchop":7},"minecraft:broken":{"minecraft:leather_helmet":1,"minecraft:iron_shovel":1,"minecraft:stone_pickaxe":1,"minecraft:shield":1,"minecraft:golden_axe":1,"minecraft:iron_axe":2,"minecraft:iron_sword":1,"minecraft:iron_pickaxe":3,"minecraft:wooden_axe":1},"minecraft:dropped":{"minecraft:enchanted_book":1,"minecraft:oak_slab":4,"minecraft:porkchop":1,"minecraft:wheat_seeds":4,"minecraft:lapis_lazuli":7,"minecraft:feather":2,"minecraft:cobblestone":200,"minecraft:book":1,"minecraft:granite":7,"minecraft:stick":20,"minecraft:dirt":231,"minecraft:gray_wool":3,"minecraft:mutton":3,"minecraft:cherry_planks":110,"tombstone:grave_dust":10,"minecraft:iron_axe":1,"minecraft:iron_shovel":2,"minecraft:paper":2,"minecraft:string":9,"minecraft:cherry_door":1,"minecraft:white_wool":4,"minecraft:gravel":2,"minecraft:stone_axe":1,"hmag:soul_powder":1,"minecraft:iron_nugget":4,"minecraft:cooked_chicken":1,"minecraft:cobbled_deepslate":26,"minecraft:stone_sword":1,"minecraft:bowl":2,"minecraft:tuff":3,"minecraft:birch_sapling":1,"minecraft:beetroot":5,"minecraft:rotten_flesh":68,"minecraft:oak_planks":64,"minecraft:cooked_mutton":18,"minecraft:pumpkin_seeds":1,"minecraft:poppy":2,"minecraft:shield":1,"minecraft:andesite":9,"minecraft:beetroot_seeds":4,"minecraft:leather_boots":4,"minecraft:golden_leggings":2,"minecraft:oak_boat":2,"minecraft:chest":2,"minecraft:leather_leggings":2,"minecraft:spider_eye":1,"minecraft:arrow":1,"minecraft:bow":4,"waystones:waystone":1,"minecraft:egg":7},"minecraft:killed_by":{"minecraft:ghast":1,"minecraft:player":2,"minecraft:zombified_piglin":2,"minecraft:iron_golem":1,"hmag:creeper_girl":1,"hmag:imp":1,"minecraft:piglin":1,"minecraft:skeleton":1,"minecraft:zombie":2,"hmag:skeleton_girl":2,"hmag:necrotic_reaper":1}},"DataVersion":3465}