{"stats":{"minecraft:crafted":{"minecraft:smooth_stone":9,"minecraft:oak_planks":292,"minecraft:barrel":4,"minecraft:dark_oak_boat":1,"minecraft:cooked_chicken":7,"minecraft:birch_boat":2,"minecraft:birch_slab":12,"minecraft:stone":9,"minecraft:cobblestone_stairs":20,"minecraft:cooked_mutton":27,"minecraft:glass":18,"minecraft:bow":1,"minecraft:iron_boots":2,"minecraft:birch_fence_gate":1,"grimoireofgaia:metal_dagger":2,"minecraft:chest":39,"minecraft:stone_hoe":1,"minecraft:deepslate":1,"minecraft:emerald":15,"minecraft:cooked_porkchop":5,"minecraft:crafting_table":13,"minecraft:spruce_planks":40,"travelersbackpack:standard":1,"minecraft:wooden_pickaxe":1,"minecraft:iron_helmet":7,"minecraft:birch_planks":492,"minecraft:iron_chestplate":5,"minecraft:dark_oak_slab":6,"minecraft:wooden_hoe":1,"minecraft:diamond_pickaxe":1,"minecraft:shield":1,"minecraft:iron_pickaxe":13,"minecraft:birch_fence":36,"minecraft:stick":256,"minecraft:iron_ingot":266,"minecraft:iron_block":3,"minecraft:stone_sword":2,"minecraft:gold_ingot":58,"minecraft:composter":1,"minecraft:dark_oak_fence_gate":2,"minecraft:birch_stairs":36,"minecraft:shears":2,"minecraft:wooden_sword":1,"minecraft:smooth_stone_slab":12,"minecraft:furnace":4,"minecraft:blast_furnace":1,"minecraft:mushroom_stew":9,"minecraft:bone_meal":39,"minecraft:dark_oak_fence":36,"travelersbackpack:white_sleeping_bag":1,"minecraft:iron_axe":4,"minecraft:stone_pickaxe":2,"minecraft:spruce_boat":2,"minecraft:dark_oak_planks":672,"grimoireofgaia:cursed_metal_sword":2,"minecraft:wheat":306,"minecraft:cooked_beef":8,"minecraft:dark_oak_stairs":44,"minecraft:enchanting_table":1,"travelersbackpack:backpack_tank":2,"minecraft:dried_kelp":13,"minecraft:iron_sword":11,"minecraft:bowl":20,"minecraft:bucket":3,"minecraft:stone_axe":4,"minecraft:jungle_planks":100,"minecraft:bread":102,"minecraft:air":0,"minecraft:oak_stairs":168,"minecraft:wooden_axe":3,"minecraft:iron_shovel":4,"minecraft:iron_leggings":7,"minecraft:anvil":1,"minecraft:armor_stand":4,"minecraft:white_bed":3,"minecraft:torch":480},"minecraft:mined":{"minecraft:dark_oak_planks":42,"minecraft:spruce_planks":5,"minecraft:white_bed":4,"minecraft:jungle_slab":2,"minecraft:cherry_log":79,"minecraft:sculk_vein":8,"minecraft:cobblestone_stairs":1,"minecraft:jungle_leaves":3,"minecraft:obsidian":12,"minecraft:granite":12,"minecraft:grass_block":385,"minecraft:jungle_log":22,"minecraft:frosted_ice":1,"minecraft:composter":9,"minecraft:spawner":4,"minecraft:tall_seagrass":3,"minecraft:cobbled_deepslate":1,"minecraft:iron_ore":166,"minecraft:barrel":6,"minecraft:fire":18,"minecraft:pumpkin":1,"minecraft:anvil":1,"minecraft:deepslate_lapis_ore":7,"minecraft:azure_bluet":1,"minecraft:dark_oak_stairs":2,"minecraft:dirt_path":110,"minecraft:oak_stairs":11,"minecraft:tripwire":2,"minecraft:deepslate_redstone_ore":6,"minecraft:kelp_plant":15,"minecraft:smoker":1,"minecraft:powder_snow":1,"minecraft:torch":7,"minecraft:blast_furnace":5,"minecraft:poppy":17,"minecraft:chest":10,"minecraft:mushroom_stem":16,"minecraft:cobblestone":70,"minecraft:sugar_cane":1,"minecraft:grindstone":5,"minecraft:wall_torch":13,"minecraft:pink_petals":13,"minecraft:seagrass":1,"minecraft:dark_oak_door":3,"minecraft:birch_log":137,"minecraft:wheat":4,"minecraft:stripped_oak_wood":4,"minecraft:grass":245,"minecraft:oak_log":223,"minecraft:beetroots":1,"minecraft:dark_oak_sapling":6,"minecraft:sand":27,"minecraft:dirt":341,"minecraft:red_mushroom_block":72,"minecraft:netherrack":1,"minecraft:oak_leaves":23,"minecraft:deepslate":488,"minecraft:infested_deepslate":1,"minecraft:tuff":21,"grimoireofgaia:deco_nest_harpy":1,"minecraft:mossy_cobblestone":7,"minecraft:deepslate_diamond_ore":16,"minecraft:dark_oak_log":168,"minecraft:birch_fence_gate":1,"minecraft:dark_oak_fence":1,"minecraft:spruce_fence":2,"minecraft:redstone_wire":1,"minecraft:brown_mushroom_block":45,"minecraft:spruce_leaves":9,"minecraft:kelp":11,"minecraft:hay_block":34,"minecraft:redstone_ore":9,"minecraft:furnace":11,"minecraft:carrots":176,"minecraft:andesite":18,"minecraft:chiseled_deepslate":1,"minecraft:stripped_spruce_log":10,"minecraft:gold_block":5,"minecraft:bell":1,"minecraft:mossy_stone_brick_stairs":1,"minecraft:potatoes":1,"minecraft:deepslate_iron_ore":193,"minecraft:vine":3,"minecraft:stripped_oak_log":2,"minecraft:stone":1443,"minecraft:white_wool":1,"minecraft:smithing_table":1,"minecraft:birch_stairs":8,"minecraft:dandelion":4,"travelersbackpack:standard":15,"minecraft:oak_fence":12,"minecraft:crafting_table":28,"minecraft:cornflower":1,"minecraft:emerald_ore":4,"minecraft:sculk_sensor":12,"minecraft:tall_grass":24,"minecraft:lapis_ore":2,"minecraft:deepslate_gold_ore":82,"minecraft:sculk":26,"minecraft:diorite":17,"minecraft:spruce_stairs":3,"minecraft:birch_planks":13,"minecraft:jungle_fence":1,"minecraft:spruce_log":16,"minecraft:yellow_bed":1,"minecraft:coal_ore":426,"minecraft:sunflower":8,"minecraft:gravel":2,"minecraft:cobweb":45,"minecraft:mossy_stone_bricks":1,"minecraft:gold_ore":6,"minecraft:birch_fence":3},"minecraft:killed_by":{"grimoireofgaia:cecaelia":10,"grimoireofgaia:bone_knight":1,"grimoireofgaia:deathword":2,"grimoireofgaia:dullahan":1,"grimoireofgaia:minotaurus":3,"grimoireofgaia:harpy":3,"minecraft:zombie":1,"grimoireofgaia:banshee":2,"grimoireofgaia:dwarf":4,"grimoireofgaia:cobblestone_golem":2,"grimoireofgaia:ender_eye":1,"grimoireofgaia:sporeling":1,"minecraft:vex":2,"grimoireofgaia:satyress":1,"grimoireofgaia:werecat":1,"minecraft:warden":6,"grimoireofgaia:valkyrie":1,"minecraft:skeleton":1},"minecraft:broken":{"minecraft:golden_helmet":1,"minecraft:iron_shovel":3,"minecraft:iron_leggings":2,"minecraft:stone_pickaxe":2,"minecraft:stone_axe":4,"minecraft:iron_sword":4,"minecraft:wooden_axe":3,"minecraft:stone_sword":2,"minecraft:shield":1,"minecraft:iron_axe":2,"minecraft:iron_pickaxe":9,"minecraft:iron_helmet":3},"minecraft:custom":{"minecraft:interact_with_crafting_table":128,"minecraft:open_barrel":22,"minecraft:bell_ring":32,"minecraft:leave_game":11,"minecraft:time_since_death":1269,"minecraft:sprint_one_cm":2330084,"minecraft:damage_blocked_by_shield":5520,"minecraft:drop":440,"minecraft:talked_to_villager":212,"minecraft:play_time":919120,"minecraft:deaths":47,"minecraft:jump":12229,"minecraft:walk_on_water_one_cm":221090,"minecraft:enchant_item":1,"minecraft:interact_with_furnace":73,"minecraft:traded_with_villager":15,"minecraft:sleep_in_bed":21,"minecraft:damage_dealt":143679,"minecraft:player_kills":2,"minecraft:crouch_one_cm":236505,"tombstone:undead_killed":163,"minecraft:interact_with_smoker":10,"minecraft:inspect_dispenser":3,"minecraft:interact_with_smithing_table":1,"minecraft:interact_with_anvil":4,"minecraft:mob_kills":453,"minecraft:inspect_hopper":2,"minecraft:damage_dealt_resisted":2437,"minecraft:climb_one_cm":4742,"minecraft:walk_one_cm":2584210,"minecraft:sneak_time":76263,"minecraft:walk_under_water_one_cm":230347,"minecraft:boat_one_cm":1214774,"minecraft:interact_with_blast_furnace":41,"minecraft:total_world_time":919120,"tombstone:raider_killed":13,"minecraft:time_since_rest":96,"minecraft:damage_taken":30034,"minecraft:damage_absorbed":80,"tombstone:cast_on_ally":0,"minecraft:swim_one_cm":257991,"minecraft:fly_one_cm":1743286,"minecraft:open_chest":443,"minecraft:fall_one_cm":289060},"minecraft:used":{"minecraft:iron_shovel":767,"minecraft:poppy":1,"minecraft:shield":174,"minecraft:chest":44,"minecraft:iron_sword":3115,"grimoireofgaia:soulfire":18,"minecraft:rotten_flesh":13,"grimoireofgaia:deco_nest_harpy":1,"minecraft:carrot":457,"minecraft:spruce_boat":1,"grimoireofgaia:honeydew":1,"hmag:bat_stew":2,"minecraft:lava_bucket":1,"minecraft:iron_helmet":2,"minecraft:bow":25,"minecraft:dark_oak_boat":10,"minecraft:oak_sapling":12,"minecraft:furnace":10,"minecraft:cooked_cod":6,"grimoireofgaia:meat":8,"minecraft:egg":4,"minecraft:dark_oak_sapling":26,"minecraft:golden_boots":1,"minecraft:dark_oak_stairs":24,"minecraft:diorite":6,"minecraft:stone_pickaxe":198,"minecraft:wooden_pickaxe":5,"minecraft:composter":10,"minecraft:glow_berries":21,"minecraft:golden_apple":3,"minecraft:white_wool":1,"minecraft:mushroom_stew":5,"minecraft:blast_furnace":6,"minecraft:birch_fence":34,"hmag:fire_bottle":2,"minecraft:birch_fence_gate":1,"minecraft:bread":134,"grimoireofgaia:taproot":3,"minecraft:gravel":9,"minecraft:stripped_oak_wood":2,"minecraft:wooden_sword":7,"minecraft:dark_oak_fence":14,"minecraft:grindstone":5,"minecraft:smithing_table":1,"minecraft:andesite":8,"minecraft:birch_log":14,"minecraft:smooth_stone_slab":7,"minecraft:bone_meal":37,"minecraft:golden_pickaxe":19,"minecraft:oak_fence":12,"minecraft:enchanting_table":1,"minecraft:stone_sword":265,"minecraft:flint_and_steel":8,"minecraft:armor_stand":4,"minecraft:dried_kelp":13,"minecraft:spruce_planks":18,"minecraft:stone_hoe":17,"minecraft:cooked_chicken":2,"minecraft:torch":664,"minecraft:dirt":736,"minecraft:anvil":2,"minecraft:wheat":1,"minecraft:granite":5,"minecraft:dark_oak_planks":174,"minecraft:wooden_axe":191,"minecraft:iron_axe":793,"minecraft:oak_stairs":142,"minecraft:iron_boots":2,"minecraft:barrel":10,"minecraft:beef":6,"tombstone:gift":9,"minecraft:cooked_beef":8,"minecraft:cobbled_deepslate":338,"minecraft:cherry_log":2,"minecraft:iron_leggings":2,"minecraft:wheat_seeds":18,"minecraft:cooked_mutton":29,"minecraft:water_bucket":31,"minecraft:cobblestone_stairs":17,"minecraft:birch_planks":132,"minecraft:rabbit":1,"minecraft:baked_potato":2,"minecraft:birch_boat":10,"minecraft:mossy_cobblestone":1,"minecraft:crafting_table":36,"minecraft:spider_eye":1,"minecraft:dark_oak_fence_gate":2,"minecraft:white_bed":5,"hmag:spectral_soup":1,"minecraft:dark_oak_door":6,"minecraft:smoker":1,"minecraft:oak_log":89,"minecraft:wooden_hoe":49,"minecraft:diamond_pickaxe":82,"minecraft:apple":33,"minecraft:iron_pickaxe":2870,"minecraft:map":2,"tombstone:magic_scroll":11,"minecraft:golden_leggings":1,"minecraft:stone_axe":371,"travelersbackpack:standard":5,"minecraft:cobblestone":461,"minecraft:potion":2,"minecraft:cooked_porkchop":7,"minecraft:bucket":33,"minecraft:yellow_bed":1,"minecraft:birch_stairs":45},"minecraft:picked_up":{"minecraft:chiseled_deepslate":1,"minecraft:iron_chestplate":2,"minecraft:wheat":6,"minecraft:anvil":1,"minecraft:smithing_table":1,"minecraft:oak_stairs":11,"minecraft:enchanted_book":2,"minecraft:music_disc_cat":1,"minecraft:string":48,"minecraft:gold_nugget":28,"minecraft:cobbled_deepslate":455,"minecraft:bucket":2,"minecraft:iron_pickaxe":5,"minecraft:dark_oak_door":6,"minecraft:iron_boots":3,"minecraft:furnace":12,"grimoireofgaia:taproot":7,"minecraft:tipped_arrow":4,"minecraft:golden_helmet":1,"minecraft:stick":105,"minecraft:composter":9,"minecraft:oak_fence":12,"minecraft:torch":133,"hmag:diamond_fragment":2,"minecraft:spruce_stairs":2,"minecraft:porkchop":14,"hmag:lich_cloth":2,"minecraft:cherry_log":70,"tombstone:grave_dust":38,"minecraft:diorite":16,"grimoireofgaia:deco_nest_harpy":2,"minecraft:stone_sword":2,"minecraft:rotten_flesh":58,"minecraft:red_tulip":1,"minecraft:obsidian":12,"minecraft:cobblestone":1504,"minecraft:birch_log":137,"minecraft:pink_petals":43,"grimoireofgaia:metal_dagger":5,"minecraft:feather":36,"minecraft:jungle_log":46,"minecraft:birch_slab":10,"minecraft:andesite":20,"minecraft:dark_oak_boat":9,"minecraft:smoker":1,"minecraft:potato":1,"minecraft:tuff":12,"minecraft:dirt":994,"minecraft:map":1,"minecraft:lapis_lazuli":156,"minecraft:name_tag":2,"hmag:evil_crystal_fragment":3,"minecraft:leather_boots":2,"minecraft:glass":2,"minecraft:bone":60,"travelersbackpack:backpack_tank":2,"minecraft:bow":4,"minecraft:wheat_seeds":53,"minecraft:raw_gold":86,"minecraft:bell":1,"minecraft:grindstone":5,"minecraft:mossy_stone_bricks":1,"minecraft:rabbit":2,"minecraft:oak_planks":5,"hmag:sharp_fang":2,"minecraft:cooked_porkchop":2,"hmag:soul_powder":10,"tombstone:scroll_of_feather_fall":1,"grimoireofgaia:emerald_shard":2,"minecraft:birch_fence_gate":2,"minecraft:sand":42,"minecraft:stripped_spruce_log":10,"minecraft:grass_block":3,"minecraft:jungle_slab":1,"minecraft:dark_oak_log":248,"minecraft:barrel":6,"minecraft:mossy_cobblestone":7,"grimoireofgaia:shiny_pearl":22,"minecraft:bundle":5,"minecraft:clay":2,"minecraft:deepslate":3,"minecraft:diamond":16,"waystones:waystone":1,"tombstone:tablet_of_recall":2,"minecraft:granite":9,"minecraft:crossbow":1,"minecraft:bone_meal":2,"minecraft:emerald":4,"minecraft:bread":1,"minecraft:oak_sapling":177,"minecraft:netherrack":1,"minecraft:dark_oak_fence":1,"minecraft:crafting_table":29,"minecraft:azure_bluet":1,"grimoireofgaia:soulfire":74,"minecraft:chicken":7,"minecraft:brown_mushroom":39,"minecraft:gold_block":4,"minecraft:diamond_horse_armor":1,"minecraft:shield":1,"minecraft:iron_axe":1,"minecraft:iron_shovel":1,"minecraft:birch_fence":8,"grimoireofgaia:honeydew":1,"minecraft:beef":28,"minecraft:jungle_sapling":12,"minecraft:iron_nugget":185,"minecraft:poppy":42,"minecraft:light_gray_wool":1,"minecraft:sugar_cane":2,"minecraft:chest":10,"minecraft:birch_sapling":58,"minecraft:egg":9,"minecraft:dark_oak_sapling":32,"minecraft:raw_iron":429,"grimoireofgaia:meat":10,"grimoireofgaia:box_gold":1,"minecraft:bowl":27,"minecraft:spruce_fence":2,"minecraft:carrot":390,"minecraft:redstone":115,"minecraft:dark_oak_planks":88,"minecraft:tnt":4,"minecraft:arrow":80,"minecraft:beetroot_seeds":1,"minecraft:shears":1,"minecraft:hay_block":34,"grimoireofgaia:cursed_metal_sword":4,"minecraft:saddle":1,"minecraft:gold_ingot":62,"grimoireofgaia:weapon_book":1,"minecraft:glow_berries":4,"minecraft:mutton":20,"minecraft:white_wool":19,"minecraft:stripped_oak_log":2,"minecraft:glow_ink_sac":8,"minecraft:leather":35,"minecraft:jungle_fence":1,"minecraft:red_mushroom":75,"minecraft:birch_planks":13,"minecraft:filled_map":2,"tombstone:voodoo_poppet":1,"minecraft:oak_log":284,"minecraft:yellow_bed":1,"minecraft:gunpowder":2,"minecraft:cobblestone_stairs":5,"minecraft:paper":9,"tombstone:gift":2,"minecraft:cooked_mutton":2,"minecraft:coast_armor_trim_smithing_template":2,"minecraft:apple":21,"minecraft:kelp":32,"minecraft:rabbit_hide":2,"grimoireofgaia:golden_apple_pie_slice":1,"minecraft:iron_ingot":351,"minecraft:stripped_oak_wood":4,"minecraft:glass_bottle":1,"minecraft:iron_sword":8,"minecraft:acacia_sapling":3,"minecraft:dark_oak_stairs":2,"minecraft:book":10,"minecraft:dark_oak_slab":3,"minecraft:birch_boat":10,"minecraft:pumpkin":2,"minecraft:dandelion":11,"minecraft:gravel":18,"minecraft:lava_bucket":1,"minecraft:soul_torch":10,"minecraft:birch_stairs":23,"minecraft:spruce_sapling":2,"minecraft:blast_furnace":5,"minecraft:white_bed":4,"minecraft:spruce_log":30,"grimoireofgaia:box_iron":3,"minecraft:spider_eye":9,"travelersbackpack:standard":17,"minecraft:pumpkin_seeds":4,"minecraft:stone_axe":2,"minecraft:cherry_sapling":48,"minecraft:gray_wool":1,"tombstone:magic_scroll":2,"minecraft:baked_potato":2,"minecraft:melon_seeds":12,"minecraft:coal":863,"minecraft:sunflower":1,"minecraft:ender_pearl":4},"minecraft:dropped":{"minecraft:clay":1,"minecraft:iron_sword":16,"minecraft:birch_planks":6,"minecraft:lapis_lazuli":6,"minecraft:oak_log":33,"minecraft:glow_ink_sac":3,"minecraft:golden_pickaxe":1,"minecraft:glass_bottle":2,"minecraft:dark_oak_sapling":3,"minecraft:dark_oak_slab":6,"minecraft:jungle_fence":1,"minecraft:crossbow":2,"minecraft:leather":3,"minecraft:saddle":1,"travelersbackpack:standard":2,"minecraft:rail":8,"minecraft:birch_slab":5,"minecraft:dirt":228,"minecraft:birch_fence":5,"minecraft:dark_oak_log":16,"minecraft:mutton":12,"minecraft:gold_nugget":22,"minecraft:wooden_sword":1,"minecraft:sunflower":1,"minecraft:sand":4,"minecraft:iron_pickaxe":6,"minecraft:stripped_oak_wood":2,"minecraft:dark_oak_planks":32,"minecraft:birch_stairs":14,"minecraft:gold_ingot":2,"minecraft:bone":14,"minecraft:gravel":9,"minecraft:stone_axe":2,"minecraft:iron_nugget":109,"minecraft:cobbled_deepslate":103,"minecraft:wheat":5,"minecraft:birch_sapling":41,"minecraft:rotten_flesh":40,"minecraft:oak_planks":4,"minecraft:white_bed":2,"minecraft:carrot":35,"minecraft:birch_fence_gate":2,"hmag:lich_cloth":2,"minecraft:poppy":42,"minecraft:rabbit_hide":2,"minecraft:tipped_arrow":2,"minecraft:gunpowder":2,"minecraft:beetroot_seeds":1,"minecraft:melon_seeds":12,"minecraft:chest":1,"minecraft:leather_boots":2,"minecraft:acacia_sapling":3,"grimoireofgaia:metal_dagger":1,"minecraft:leather_leggings":1,"minecraft:arrow":37,"minecraft:glass":8,"minecraft:netherrack":1,"minecraft:egg":4,"tombstone:scroll_of_feather_fall":1,"minecraft:enchanted_book":5,"minecraft:golden_boots":1,"minecraft:iron_ingot":89,"minecraft:bread":1,"grimoireofgaia:emerald_shard":2,"minecraft:wheat_seeds":17,"minecraft:tnt":2,"minecraft:iron_helmet":3,"minecraft:feather":36,"minecraft:cobblestone":93,"minecraft:book":1,"minecraft:apple":1,"minecraft:granite":4,"grimoireofgaia:shiny_pearl":2,"minecraft:spruce_stairs":1,"hmag:diamond_fragment":2,"minecraft:coal":40,"minecraft:mushroom_stew":4,"minecraft:stick":26,"minecraft:jungle_slab":1,"minecraft:diorite":5,"minecraft:wooden_hoe":1,"minecraft:torch":17,"tombstone:grave_key":1,"grimoireofgaia:taproot":4,"minecraft:fire_charge":1,"tombstone:grave_dust":37,"minecraft:dried_kelp":1,"minecraft:iron_leggings":4,"minecraft:oak_stairs":4,"minecraft:iron_axe":2,"minecraft:paper":9,"minecraft:string":46,"minecraft:pink_petals":4,"hmag:evil_crystal_fragment":3,"minecraft:dandelion":7,"minecraft:redstone":44,"grimoireofgaia:weapon_book":1,"minecraft:furnace":3,"minecraft:kelp":22,"hmag:soul_powder":3,"minecraft:stone_sword":2,"minecraft:smooth_stone_slab":1,"minecraft:bowl":3,"minecraft:deepslate":4,"minecraft:tuff":10,"minecraft:raw_iron":65,"minecraft:light_gray_wool":1,"minecraft:iron_boots":3,"minecraft:name_tag":1,"minecraft:spruce_fence":2,"minecraft:shears":1,"minecraft:pumpkin_seeds":2,"grimoireofgaia:deco_nest_harpy":1,"minecraft:filled_map":8,"grimoireofgaia:soulfire":42,"minecraft:shield":1,"minecraft:spruce_planks":8,"minecraft:bundle":5,"minecraft:iron_chestplate":6,"minecraft:andesite":12,"minecraft:mossy_stone_bricks":1,"minecraft:golden_leggings":1,"minecraft:oak_sapling":65,"minecraft:spider_eye":8,"minecraft:bow":1,"minecraft:birch_boat":1,"minecraft:red_tulip":1},"minecraft:killed":{"minecraft:cave_spider":8,"minecraft:spider":27,"grimoireofgaia:sporeling":1,"grimoireofgaia:minotaurus":15,"minecraft:skeleton":54,"grimoireofgaia:mimic":5,"minecraft:chicken":7,"minecraft:silverfish":1,"hmag:catoblepas":1,"grimoireofgaia:spriggan":3,"minecraft:pig":6,"grimoireofgaia:banshee":6,"grimoireofgaia:bone_knight":7,"minecraft:iron_golem":1,"grimoireofgaia:cobblestone_golem":1,"minecraft:creeper":2,"minecraft:sheep":14,"minecraft:pillager":13,"minecraft:zombie":59,"grimoireofgaia:deathword":10,"grimoireofgaia:harpy":34,"grimoireofgaia:dryad":3,"minecraft:cow":12,"minecraft:vex":1,"grimoireofgaia:satyress":3,"hmag:creeper_girl":1,"hmag:skeleton_girl":6,"grimoireofgaia:centaur":4,"grimoireofgaia:ender_eye":4,"grimoireofgaia:bee":3,"hmag:zombie_girl":13,"minecraft:drowned":8,"grimoireofgaia:dwarf":2,"grimoireofgaia:dullahan":44,"hmag:ghost":10,"grimoireofgaia:cyan_flower":1,"grimoireofgaia:gryphon":3,"grimoireofgaia:cecaelia":25,"grimoireofgaia:horse":4,"grimoireofgaia:matango":1,"grimoireofgaia:arachne":1,"grimoireofgaia:werecat":5,"grimoireofgaia:kobold":1,"minecraft:enderman":4}},"DataVersion":3465}