{"stats":{"minecraft:crafted":{"minecraft:wooden_sword":1,"minecraft:crafting_table":2,"minecraft:wooden_pickaxe":1,"minecraft:stone_pickaxe":1,"minecraft:wooden_axe":1,"minecraft:stone_sword":1,"minecraft:birch_planks":216,"minecraft:jungle_planks":8},"minecraft:killed_by":{"grimoireofgaia:cecaelia":1,"grimoireofgaia:cobblestone_golem":2},"minecraft:picked_up":{"minecraft:iron_chestplate":1,"minecraft:birch_log":66,"minecraft:crafting_table":1,"minecraft:stick":18,"grimoireofgaia:meat":2,"minecraft:jungle_log":2,"minecraft:grass_block":1,"minecraft:dirt":3,"minecraft:bone":1,"minecraft:gray_wool":1,"minecraft:iron_nugget":2,"minecraft:mutton":4,"minecraft:birch_sapling":17,"minecraft:coal":27,"minecraft:white_wool":2,"minecraft:cobblestone":29,"minecraft:ender_pearl":1},"minecraft:killed":{"minecraft:sheep":3,"minecraft:skeleton":1,"grimoireofgaia:cobblestone_golem":1,"grimoireofgaia:werecat":1,"minecraft:enderman":1},"minecraft:used":{"minecraft:wooden_axe":70,"minecraft:stone_sword":40,"minecraft:birch_planks":2,"minecraft:stone_pickaxe":51,"minecraft:wooden_pickaxe":5,"minecraft:wooden_sword":7,"minecraft:crafting_table":2,"tombstone:gift":2,"grimoireofgaia:meat":2},"minecraft:mined":{"minecraft:birch_log":66,"minecraft:crafting_table":1,"minecraft:grass":1,"minecraft:grass_block":2,"minecraft:coal_ore":27,"minecraft:dirt":1,"minecraft:stone":29},"minecraft:broken":{"minecraft:wooden_axe":1},"minecraft:custom":{"minecraft:time_since_rest":5777,"minecraft:interact_with_furnace":3,"minecraft:sprint_one_cm":53570,"minecraft:damage_taken":970,"minecraft:walk_one_cm":50429,"minecraft:mob_kills":7,"minecraft:damage_dealt":1929,"minecraft:interact_with_crafting_table":6,"minecraft:swim_one_cm":8761,"minecraft:fly_one_cm":56113,"minecraft:player_kills":1,"minecraft:crouch_one_cm":568,"tombstone:undead_killed":1,"minecraft:play_time":24235,"minecraft:deaths":3,"minecraft:sneak_time":107,"minecraft:walk_under_water_one_cm":4444,"minecraft:jump":292,"minecraft:time_since_death":5881,"minecraft:walk_on_water_one_cm":1140,"minecraft:climb_one_cm":260,"minecraft:total_world_time":24235,"minecraft:fall_one_cm":6228}},"DataVersion":3465}