{"stats":{"minecraft:used":{"minecraft:iron_shovel":239,"minecraft:poppy":1,"minecraft:chest":44,"minecraft:shield":59,"minecraft:iron_sword":1101,"grimoireofgaia:soulfire":18,"minecraft:rotten_flesh":10,"grimoireofgaia:deco_nest_harpy":1,"minecraft:carrot":22,"grimoireofgaia:honeydew":1,"hmag:bat_stew":2,"minecraft:lava_bucket":1,"minecraft:iron_helmet":1,"minecraft:dark_oak_boat":4,"minecraft:oak_sapling":12,"minecraft:furnace":8,"minecraft:cooked_cod":6,"grimoireofgaia:meat":6,"minecraft:egg":2,"minecraft:dark_oak_sapling":26,"minecraft:dark_oak_stairs":24,"minecraft:stone_pickaxe":198,"minecraft:wooden_pickaxe":5,"minecraft:composter":10,"minecraft:white_wool":1,"minecraft:glow_berries":4,"minecraft:mushroom_stew":5,"minecraft:blast_furnace":4,"minecraft:birch_fence":34,"minecraft:birch_fence_gate":1,"minecraft:bread":110,"grimoireofgaia:taproot":2,"minecraft:gravel":1,"minecraft:wooden_sword":7,"minecraft:andesite":4,"minecraft:birch_log":14,"minecraft:bone_meal":37,"minecraft:stone_sword":265,"minecraft:flint_and_steel":8,"minecraft:dried_kelp":2,"minecraft:stone_hoe":1,"minecraft:cooked_chicken":1,"minecraft:torch":275,"minecraft:dirt":121,"minecraft:anvil":2,"minecraft:wheat":1,"minecraft:dark_oak_planks":93,"minecraft:wooden_axe":191,"minecraft:iron_axe":378,"minecraft:iron_boots":1,"minecraft:barrel":10,"tombstone:gift":4,"minecraft:cobbled_deepslate":121,"minecraft:iron_leggings":1,"minecraft:wheat_seeds":17,"minecraft:cooked_mutton":2,"minecraft:water_bucket":25,"minecraft:cobblestone_stairs":17,"minecraft:rabbit":1,"minecraft:birch_planks":87,"minecraft:birch_boat":10,"minecraft:crafting_table":21,"minecraft:spider_eye":1,"minecraft:white_bed":3,"hmag:spectral_soup":1,"minecraft:dark_oak_door":6,"minecraft:oak_log":87,"minecraft:wooden_hoe":49,"minecraft:diamond_pickaxe":19,"minecraft:apple":7,"minecraft:iron_pickaxe":1922,"minecraft:map":1,"tombstone:magic_scroll":10,"minecraft:stone_axe":371,"minecraft:potion":1,"minecraft:cobblestone":197,"minecraft:cooked_porkchop":1,"minecraft:bucket":27,"minecraft:yellow_bed":1,"minecraft:birch_stairs":45},"minecraft:picked_up":{"minecraft:iron_chestplate":1,"minecraft:wheat":4,"minecraft:anvil":1,"minecraft:enchanted_book":1,"minecraft:string":2,"minecraft:gold_nugget":9,"minecraft:cobbled_deepslate":169,"minecraft:bucket":2,"minecraft:iron_pickaxe":2,"minecraft:dark_oak_door":6,"minecraft:furnace":7,"minecraft:iron_boots":3,"grimoireofgaia:taproot":2,"minecraft:tipped_arrow":4,"minecraft:stick":79,"minecraft:composter":9,"minecraft:torch":21,"hmag:diamond_fragment":1,"minecraft:spruce_stairs":2,"minecraft:porkchop":4,"tombstone:grave_dust":10,"minecraft:diorite":5,"grimoireofgaia:deco_nest_harpy":2,"minecraft:rotten_flesh":35,"minecraft:obsidian":12,"minecraft:cobblestone":1149,"minecraft:birch_log":105,"minecraft:pink_petals":8,"minecraft:feather":17,"minecraft:andesite":16,"minecraft:birch_slab":10,"minecraft:jungle_log":46,"minecraft:dark_oak_boat":4,"minecraft:tuff":8,"minecraft:map":1,"minecraft:lapis_lazuli":134,"minecraft:dirt":385,"minecraft:name_tag":2,"minecraft:glass":2,"minecraft:bone":29,"minecraft:wheat_seeds":30,"minecraft:raw_gold":58,"minecraft:mossy_stone_bricks":1,"minecraft:rabbit":1,"minecraft:cooked_porkchop":1,"hmag:soul_powder":3,"grimoireofgaia:emerald_shard":2,"minecraft:birch_fence_gate":2,"minecraft:sand":41,"minecraft:grass_block":2,"minecraft:dark_oak_log":248,"minecraft:barrel":6,"grimoireofgaia:shiny_pearl":3,"minecraft:bundle":3,"minecraft:clay":1,"minecraft:diamond":5,"minecraft:deepslate":3,"tombstone:tablet_of_recall":2,"minecraft:bone_meal":2,"minecraft:emerald":4,"minecraft:bread":1,"minecraft:oak_sapling":96,"minecraft:netherrack":1,"minecraft:crafting_table":15,"grimoireofgaia:soulfire":49,"minecraft:chicken":1,"minecraft:brown_mushroom":39,"minecraft:gold_block":2,"minecraft:shield":1,"minecraft:birch_fence":8,"grimoireofgaia:honeydew":1,"minecraft:beef":15,"minecraft:jungle_sapling":12,"minecraft:iron_nugget":109,"minecraft:poppy":15,"minecraft:sugar_cane":2,"minecraft:chest":8,"minecraft:birch_sapling":38,"minecraft:egg":5,"minecraft:dark_oak_sapling":32,"minecraft:raw_iron":364,"grimoireofgaia:meat":6,"minecraft:bowl":27,"minecraft:carrot":6,"minecraft:redstone":87,"minecraft:dark_oak_planks":64,"minecraft:arrow":44,"minecraft:shears":1,"minecraft:hay_block":34,"grimoireofgaia:cursed_metal_sword":4,"minecraft:saddle":1,"minecraft:gold_ingot":58,"grimoireofgaia:weapon_book":1,"minecraft:glow_berries":4,"minecraft:mutton":16,"minecraft:white_wool":11,"minecraft:stripped_oak_log":2,"minecraft:glow_ink_sac":8,"minecraft:leather":19,"minecraft:red_mushroom":75,"minecraft:filled_map":2,"minecraft:birch_planks":9,"minecraft:oak_log":181,"minecraft:yellow_bed":1,"minecraft:gunpowder":2,"minecraft:cobblestone_stairs":5,"minecraft:paper":4,"minecraft:cooked_mutton":2,"minecraft:coast_armor_trim_smithing_template":2,"minecraft:apple":17,"minecraft:kelp":15,"minecraft:rabbit_hide":1,"grimoireofgaia:golden_apple_pie_slice":1,"minecraft:iron_ingot":302,"minecraft:glass_bottle":1,"minecraft:iron_sword":1,"minecraft:dark_oak_stairs":2,"minecraft:book":1,"minecraft:dark_oak_slab":3,"minecraft:birch_boat":10,"minecraft:pumpkin":2,"minecraft:dandelion":2,"minecraft:gravel":1,"minecraft:lava_bucket":1,"minecraft:birch_stairs":23,"minecraft:spruce_sapling":2,"minecraft:blast_furnace":3,"minecraft:spruce_log":30,"grimoireofgaia:box_iron":2,"minecraft:spider_eye":4,"minecraft:pumpkin_seeds":4,"minecraft:stone_axe":2,"minecraft:gray_wool":1,"minecraft:melon_seeds":8,"minecraft:coal":566,"minecraft:ender_pearl":2},"minecraft:broken":{"minecraft:iron_leggings":1,"minecraft:stone_pickaxe":2,"minecraft:stone_axe":4,"minecraft:iron_sword":2,"minecraft:wooden_axe":3,"minecraft:stone_sword":2,"minecraft:iron_axe":1,"minecraft:iron_pickaxe":6,"minecraft:iron_helmet":1},"minecraft:dropped":{"minecraft:iron_sword":3,"minecraft:birch_planks":4,"minecraft:lapis_lazuli":6,"minecraft:oak_log":33,"minecraft:glow_ink_sac":3,"minecraft:glass_bottle":2,"minecraft:dark_oak_sapling":3,"minecraft:dark_oak_slab":6,"minecraft:saddle":1,"minecraft:rail":8,"minecraft:birch_slab":5,"minecraft:dirt":226,"minecraft:birch_fence":5,"minecraft:dark_oak_log":16,"minecraft:mutton":12,"minecraft:wooden_sword":1,"minecraft:gold_nugget":3,"minecraft:sand":3,"minecraft:iron_pickaxe":4,"minecraft:dark_oak_planks":32,"minecraft:birch_stairs":14,"minecraft:bone":14,"minecraft:stone_axe":2,"minecraft:iron_nugget":54,"minecraft:cobbled_deepslate":39,"minecraft:wheat":2,"minecraft:birch_sapling":38,"minecraft:rotten_flesh":25,"minecraft:birch_fence_gate":2,"minecraft:poppy":15,"minecraft:rabbit_hide":1,"minecraft:tipped_arrow":2,"minecraft:gunpowder":2,"minecraft:melon_seeds":4,"minecraft:arrow":37,"minecraft:netherrack":1,"minecraft:egg":2,"minecraft:enchanted_book":2,"minecraft:iron_ingot":46,"minecraft:bread":1,"grimoireofgaia:emerald_shard":2,"minecraft:wheat_seeds":4,"minecraft:feather":17,"minecraft:cobblestone":87,"minecraft:apple":1,"grimoireofgaia:shiny_pearl":2,"minecraft:spruce_stairs":1,"hmag:diamond_fragment":1,"minecraft:mushroom_stew":4,"minecraft:coal":40,"minecraft:stick":8,"minecraft:diorite":5,"minecraft:wooden_hoe":1,"tombstone:grave_key":1,"tombstone:grave_dust":10,"minecraft:iron_leggings":1,"minecraft:paper":4,"minecraft:string":2,"minecraft:pink_petals":4,"minecraft:dandelion":2,"minecraft:redstone":1,"grimoireofgaia:weapon_book":1,"minecraft:kelp":14,"hmag:soul_powder":3,"minecraft:bowl":3,"minecraft:deepslate":4,"minecraft:tuff":8,"minecraft:raw_iron":65,"minecraft:iron_boots":1,"minecraft:name_tag":1,"minecraft:pumpkin_seeds":2,"grimoireofgaia:deco_nest_harpy":1,"minecraft:filled_map":7,"grimoireofgaia:soulfire":17,"minecraft:bundle":3,"minecraft:iron_chestplate":2,"minecraft:andesite":12,"minecraft:mossy_stone_bricks":1,"minecraft:oak_sapling":20,"minecraft:spider_eye":3,"minecraft:birch_boat":1},"minecraft:custom":{"minecraft:interact_with_crafting_table":79,"minecraft:open_barrel":3,"minecraft:bell_ring":32,"minecraft:leave_game":6,"minecraft:time_since_death":21473,"minecraft:sprint_one_cm":1060440,"minecraft:damage_blocked_by_shield":1845,"minecraft:drop":204,"minecraft:talked_to_villager":162,"minecraft:play_time":442833,"minecraft:deaths":22,"minecraft:jump":5965,"minecraft:walk_on_water_one_cm":94955,"minecraft:interact_with_furnace":50,"minecraft:sleep_in_bed":15,"minecraft:damage_dealt":60392,"minecraft:player_kills":1,"minecraft:crouch_one_cm":58446,"tombstone:undead_killed":60,"minecraft:interact_with_smoker":2,"minecraft:inspect_dispenser":3,"minecraft:interact_with_anvil":3,"minecraft:mob_kills":179,"minecraft:damage_dealt_resisted":421,"minecraft:climb_one_cm":3643,"minecraft:walk_one_cm":1248882,"minecraft:sneak_time":22275,"minecraft:walk_under_water_one_cm":107097,"minecraft:boat_one_cm":800235,"minecraft:interact_with_blast_furnace":29,"minecraft:total_world_time":442833,"minecraft:time_since_rest":21235,"minecraft:damage_taken":12385,"minecraft:swim_one_cm":86786,"minecraft:fly_one_cm":828765,"minecraft:open_chest":139,"minecraft:fall_one_cm":130825},"minecraft:mined":{"minecraft:dark_oak_planks":16,"minecraft:spruce_planks":5,"minecraft:cobblestone_stairs":1,"minecraft:sculk_vein":2,"minecraft:jungle_leaves":3,"minecraft:obsidian":12,"minecraft:granite":3,"minecraft:grass_block":148,"minecraft:jungle_log":22,"minecraft:frosted_ice":1,"minecraft:composter":9,"minecraft:spawner":1,"minecraft:tall_seagrass":1,"minecraft:iron_ore":135,"minecraft:fire":18,"minecraft:barrel":6,"minecraft:pumpkin":1,"minecraft:deepslate_lapis_ore":6,"minecraft:anvil":1,"minecraft:dark_oak_stairs":2,"minecraft:dirt_path":12,"minecraft:tripwire":2,"minecraft:kelp_plant":13,"minecraft:powder_snow":1,"minecraft:torch":2,"minecraft:blast_furnace":3,"minecraft:poppy":8,"minecraft:chest":9,"minecraft:mushroom_stem":16,"minecraft:cobblestone":30,"minecraft:sugar_cane":1,"minecraft:wall_torch":9,"minecraft:seagrass":1,"minecraft:dark_oak_door":3,"minecraft:birch_log":105,"minecraft:wheat":2,"minecraft:grass":146,"minecraft:oak_log":120,"minecraft:dark_oak_sapling":6,"minecraft:sand":23,"minecraft:dirt":119,"minecraft:red_mushroom_block":72,"minecraft:netherrack":1,"minecraft:oak_leaves":3,"minecraft:deepslate":187,"minecraft:infested_deepslate":1,"minecraft:tuff":14,"grimoireofgaia:deco_nest_harpy":1,"minecraft:deepslate_diamond_ore":5,"minecraft:dark_oak_log":168,"minecraft:birch_fence_gate":1,"minecraft:redstone_wire":1,"minecraft:brown_mushroom_block":45,"minecraft:spruce_leaves":9,"minecraft:kelp":5,"minecraft:hay_block":34,"minecraft:redstone_ore":9,"minecraft:furnace":6,"minecraft:carrots":2,"minecraft:andesite":18,"minecraft:gold_block":3,"minecraft:mossy_stone_brick_stairs":1,"minecraft:deepslate_iron_ore":159,"minecraft:vine":3,"minecraft:stripped_oak_log":2,"minecraft:stone":1127,"minecraft:birch_stairs":8,"minecraft:crafting_table":13,"minecraft:emerald_ore":4,"minecraft:sculk_sensor":1,"minecraft:tall_grass":10,"minecraft:lapis_ore":2,"minecraft:deepslate_gold_ore":53,"minecraft:sculk":1,"minecraft:diorite":6,"minecraft:spruce_stairs":1,"minecraft:birch_planks":9,"minecraft:spruce_log":16,"minecraft:yellow_bed":1,"minecraft:coal_ore":259,"minecraft:cobweb":22,"minecraft:mossy_stone_bricks":1,"minecraft:gold_ore":6,"minecraft:birch_fence":3},"minecraft:killed_by":{"grimoireofgaia:cecaelia":4,"grimoireofgaia:bone_knight":1,"grimoireofgaia:minotaurus":1,"grimoireofgaia:harpy":3,"grimoireofgaia:banshee":2,"grimoireofgaia:dwarf":4,"grimoireofgaia:cobblestone_golem":2,"grimoireofgaia:ender_eye":1,"grimoireofgaia:sporeling":1,"grimoireofgaia:satyress":1,"grimoireofgaia:valkyrie":1},"minecraft:killed":{"minecraft:cave_spider":3,"minecraft:spider":10,"grimoireofgaia:sporeling":1,"grimoireofgaia:minotaurus":7,"minecraft:skeleton":18,"grimoireofgaia:mimic":2,"minecraft:chicken":1,"minecraft:silverfish":1,"minecraft:pig":2,"grimoireofgaia:banshee":1,"grimoireofgaia:bone_knight":1,"grimoireofgaia:cobblestone_golem":1,"minecraft:creeper":2,"minecraft:sheep":11,"minecraft:zombie":18,"grimoireofgaia:deathword":1,"grimoireofgaia:harpy":17,"grimoireofgaia:dryad":3,"minecraft:cow":6,"grimoireofgaia:satyress":2,"hmag:skeleton_girl":2,"grimoireofgaia:centaur":4,"grimoireofgaia:bee":3,"hmag:zombie_girl":5,"minecraft:drowned":7,"grimoireofgaia:dwarf":1,"grimoireofgaia:dullahan":22,"hmag:ghost":8,"grimoireofgaia:gryphon":3,"grimoireofgaia:cecaelia":5,"grimoireofgaia:horse":2,"grimoireofgaia:matango":1,"grimoireofgaia:werecat":2,"minecraft:enderman":2},"minecraft:crafted":{"minecraft:smooth_stone":3,"minecraft:oak_planks":8,"minecraft:barrel":4,"minecraft:dark_oak_boat":1,"minecraft:birch_boat":2,"minecraft:cooked_chicken":1,"minecraft:birch_slab":12,"minecraft:stone":3,"minecraft:cobblestone_stairs":20,"minecraft:iron_boots":1,"minecraft:birch_fence_gate":1,"minecraft:chest":38,"minecraft:stone_hoe":1,"minecraft:deepslate":1,"minecraft:crafting_table":10,"minecraft:iron_helmet":2,"minecraft:wooden_pickaxe":1,"minecraft:birch_planks":364,"minecraft:wooden_hoe":1,"minecraft:dark_oak_slab":6,"minecraft:iron_chestplate":2,"minecraft:diamond_pickaxe":1,"minecraft:birch_fence":36,"minecraft:stick":124,"minecraft:iron_ingot":236,"minecraft:iron_pickaxe":8,"minecraft:iron_block":3,"minecraft:stone_sword":2,"minecraft:gold_ingot":58,"minecraft:composter":1,"minecraft:birch_stairs":36,"minecraft:shears":1,"minecraft:wooden_sword":1,"minecraft:furnace":2,"minecraft:blast_furnace":1,"minecraft:mushroom_stew":9,"minecraft:bone_meal":39,"minecraft:iron_axe":2,"minecraft:stone_pickaxe":2,"minecraft:dark_oak_planks":672,"grimoireofgaia:cursed_metal_sword":2,"minecraft:wheat":306,"minecraft:dark_oak_stairs":44,"minecraft:dried_kelp":2,"minecraft:iron_sword":4,"minecraft:bowl":20,"minecraft:bucket":2,"minecraft:stone_axe":4,"minecraft:jungle_planks":96,"minecraft:bread":102,"minecraft:air":0,"minecraft:wooden_axe":3,"minecraft:iron_shovel":2,"minecraft:iron_leggings":2,"minecraft:anvil":1,"minecraft:white_bed":3,"minecraft:torch":244}},"DataVersion":3465}