{"stats":{"minecraft:crafted":{"minecraft:smooth_stone":9,"minecraft:oak_planks":292,"minecraft:barrel":4,"minecraft:dark_oak_boat":1,"minecraft:cooked_chicken":1,"minecraft:birch_boat":2,"minecraft:birch_slab":12,"minecraft:stone":9,"minecraft:cobblestone_stairs":20,"minecraft:cooked_mutton":27,"minecraft:glass":18,"minecraft:iron_boots":2,"minecraft:birch_fence_gate":1,"grimoireofgaia:metal_dagger":2,"minecraft:chest":39,"minecraft:stone_hoe":1,"minecraft:deepslate":1,"minecraft:emerald":15,"minecraft:cooked_porkchop":5,"minecraft:crafting_table":13,"minecraft:spruce_planks":40,"travelersbackpack:standard":1,"minecraft:wooden_pickaxe":1,"minecraft:iron_helmet":6,"minecraft:birch_planks":384,"minecraft:iron_chestplate":4,"minecraft:dark_oak_slab":6,"minecraft:wooden_hoe":1,"minecraft:diamond_pickaxe":1,"minecraft:shield":1,"minecraft:iron_pickaxe":10,"minecraft:birch_fence":36,"minecraft:stick":216,"minecraft:iron_ingot":266,"minecraft:iron_block":3,"minecraft:stone_sword":2,"minecraft:gold_ingot":58,"minecraft:composter":1,"minecraft:dark_oak_fence_gate":2,"minecraft:birch_stairs":36,"minecraft:shears":2,"minecraft:wooden_sword":1,"minecraft:smooth_stone_slab":12,"minecraft:furnace":4,"minecraft:blast_furnace":1,"minecraft:mushroom_stew":9,"minecraft:bone_meal":39,"minecraft:dark_oak_fence":36,"travelersbackpack:white_sleeping_bag":1,"minecraft:iron_axe":4,"minecraft:stone_pickaxe":2,"minecraft:spruce_boat":2,"minecraft:dark_oak_planks":672,"grimoireofgaia:cursed_metal_sword":2,"minecraft:wheat":306,"minecraft:cooked_beef":8,"minecraft:dark_oak_stairs":44,"minecraft:enchanting_table":1,"travelersbackpack:backpack_tank":2,"minecraft:dried_kelp":13,"minecraft:iron_sword":9,"minecraft:bowl":20,"minecraft:bucket":3,"minecraft:stone_axe":4,"minecraft:jungle_planks":100,"minecraft:bread":102,"minecraft:air":0,"minecraft:oak_stairs":168,"minecraft:wooden_axe":3,"minecraft:iron_shovel":4,"minecraft:iron_leggings":6,"minecraft:anvil":1,"minecraft:armor_stand":4,"minecraft:white_bed":3,"minecraft:torch":348},"minecraft:mined":{"minecraft:dark_oak_planks":31,"minecraft:spruce_planks":5,"minecraft:white_bed":4,"minecraft:jungle_slab":2,"minecraft:cherry_log":79,"minecraft:sculk_vein":2,"minecraft:cobblestone_stairs":1,"minecraft:jungle_leaves":3,"minecraft:obsidian":12,"minecraft:granite":3,"minecraft:grass_block":383,"minecraft:jungle_log":22,"minecraft:frosted_ice":1,"minecraft:composter":9,"minecraft:spawner":1,"minecraft:tall_seagrass":3,"minecraft:iron_ore":165,"minecraft:barrel":6,"minecraft:fire":18,"minecraft:pumpkin":1,"minecraft:anvil":1,"minecraft:deepslate_lapis_ore":6,"minecraft:azure_bluet":1,"minecraft:dark_oak_stairs":2,"minecraft:dirt_path":110,"minecraft:oak_stairs":11,"minecraft:tripwire":2,"minecraft:kelp_plant":15,"minecraft:smoker":1,"minecraft:powder_snow":1,"minecraft:torch":2,"minecraft:blast_furnace":5,"minecraft:poppy":17,"minecraft:chest":9,"minecraft:mushroom_stem":16,"minecraft:cobblestone":70,"minecraft:sugar_cane":1,"minecraft:grindstone":5,"minecraft:wall_torch":10,"minecraft:pink_petals":13,"minecraft:seagrass":1,"minecraft:dark_oak_door":3,"minecraft:birch_log":137,"minecraft:wheat":4,"minecraft:stripped_oak_wood":4,"minecraft:grass":244,"minecraft:oak_log":223,"minecraft:beetroots":1,"minecraft:dark_oak_sapling":6,"minecraft:sand":27,"minecraft:dirt":339,"minecraft:red_mushroom_block":72,"minecraft:netherrack":1,"minecraft:oak_leaves":23,"minecraft:deepslate":187,"minecraft:infested_deepslate":1,"minecraft:tuff":14,"grimoireofgaia:deco_nest_harpy":1,"minecraft:mossy_cobblestone":4,"minecraft:deepslate_diamond_ore":6,"minecraft:dark_oak_log":168,"minecraft:birch_fence_gate":1,"minecraft:dark_oak_fence":1,"minecraft:spruce_fence":2,"minecraft:redstone_wire":1,"minecraft:brown_mushroom_block":45,"minecraft:spruce_leaves":9,"minecraft:kelp":11,"minecraft:hay_block":34,"minecraft:redstone_ore":9,"minecraft:furnace":11,"minecraft:carrots":176,"minecraft:andesite":18,"minecraft:stripped_spruce_log":10,"minecraft:gold_block":3,"minecraft:bell":1,"minecraft:mossy_stone_brick_stairs":1,"minecraft:potatoes":1,"minecraft:deepslate_iron_ore":161,"minecraft:vine":3,"minecraft:stripped_oak_log":2,"minecraft:stone":1407,"minecraft:white_wool":1,"minecraft:smithing_table":1,"minecraft:birch_stairs":8,"minecraft:dandelion":4,"travelersbackpack:standard":7,"minecraft:oak_fence":12,"minecraft:crafting_table":23,"minecraft:cornflower":1,"minecraft:emerald_ore":4,"minecraft:sculk_sensor":1,"minecraft:tall_grass":24,"minecraft:lapis_ore":2,"minecraft:deepslate_gold_ore":53,"minecraft:sculk":1,"minecraft:diorite":17,"minecraft:spruce_stairs":3,"minecraft:birch_planks":13,"minecraft:jungle_fence":1,"minecraft:spruce_log":16,"minecraft:yellow_bed":1,"minecraft:coal_ore":426,"minecraft:sunflower":8,"minecraft:cobweb":22,"minecraft:mossy_stone_bricks":1,"minecraft:gold_ore":6,"minecraft:birch_fence":3},"minecraft:killed_by":{"grimoireofgaia:cecaelia":10,"grimoireofgaia:bone_knight":1,"grimoireofgaia:deathword":1,"grimoireofgaia:dullahan":1,"grimoireofgaia:minotaurus":3,"grimoireofgaia:harpy":3,"grimoireofgaia:banshee":2,"grimoireofgaia:dwarf":4,"grimoireofgaia:cobblestone_golem":2,"grimoireofgaia:ender_eye":1,"grimoireofgaia:sporeling":1,"grimoireofgaia:satyress":1,"grimoireofgaia:werecat":1,"grimoireofgaia:valkyrie":1},"minecraft:broken":{"minecraft:golden_helmet":1,"minecraft:iron_shovel":3,"minecraft:iron_leggings":1,"minecraft:stone_pickaxe":2,"minecraft:stone_axe":4,"minecraft:iron_sword":4,"minecraft:wooden_axe":3,"minecraft:stone_sword":2,"minecraft:iron_axe":2,"minecraft:iron_pickaxe":8,"minecraft:iron_helmet":2},"minecraft:custom":{"minecraft:interact_with_crafting_table":121,"minecraft:open_barrel":14,"minecraft:bell_ring":32,"minecraft:leave_game":11,"minecraft:time_since_death":39120,"minecraft:sprint_one_cm":1918284,"minecraft:damage_blocked_by_shield":3940,"minecraft:drop":399,"minecraft:talked_to_villager":212,"minecraft:play_time":775120,"minecraft:deaths":34,"minecraft:jump":10560,"minecraft:walk_on_water_one_cm":195923,"minecraft:enchant_item":1,"minecraft:interact_with_furnace":73,"minecraft:traded_with_villager":15,"minecraft:sleep_in_bed":21,"minecraft:damage_dealt":124791,"minecraft:player_kills":2,"minecraft:crouch_one_cm":111559,"tombstone:undead_killed":121,"minecraft:interact_with_smoker":6,"minecraft:inspect_dispenser":3,"minecraft:interact_with_smithing_table":1,"minecraft:interact_with_anvil":4,"minecraft:mob_kills":381,"minecraft:damage_dealt_resisted":2437,"minecraft:climb_one_cm":3847,"minecraft:walk_one_cm":2248282,"minecraft:sneak_time":40081,"minecraft:walk_under_water_one_cm":207488,"minecraft:boat_one_cm":1214774,"minecraft:interact_with_blast_furnace":38,"minecraft:total_world_time":775120,"tombstone:raider_killed":13,"minecraft:time_since_rest":38900,"minecraft:damage_taken":24146,"minecraft:damage_absorbed":80,"minecraft:swim_one_cm":252104,"minecraft:fly_one_cm":1528339,"minecraft:open_chest":408,"minecraft:fall_one_cm":242205},"minecraft:used":{"minecraft:iron_shovel":767,"minecraft:poppy":1,"minecraft:shield":133,"minecraft:chest":44,"minecraft:iron_sword":2644,"grimoireofgaia:soulfire":18,"minecraft:rotten_flesh":13,"grimoireofgaia:deco_nest_harpy":1,"minecraft:carrot":358,"minecraft:spruce_boat":1,"grimoireofgaia:honeydew":1,"hmag:bat_stew":2,"minecraft:lava_bucket":1,"minecraft:iron_helmet":1,"minecraft:bow":15,"minecraft:dark_oak_boat":10,"minecraft:oak_sapling":12,"minecraft:furnace":10,"minecraft:cooked_cod":6,"grimoireofgaia:meat":8,"minecraft:egg":4,"minecraft:dark_oak_sapling":26,"minecraft:golden_boots":1,"minecraft:dark_oak_stairs":24,"minecraft:diorite":6,"minecraft:stone_pickaxe":198,"minecraft:wooden_pickaxe":5,"minecraft:composter":10,"minecraft:glow_berries":4,"minecraft:golden_apple":2,"minecraft:white_wool":1,"minecraft:mushroom_stew":5,"minecraft:blast_furnace":6,"minecraft:birch_fence":34,"minecraft:birch_fence_gate":1,"minecraft:bread":131,"grimoireofgaia:taproot":3,"minecraft:gravel":1,"minecraft:stripped_oak_wood":2,"minecraft:wooden_sword":7,"minecraft:dark_oak_fence":14,"minecraft:grindstone":5,"minecraft:smithing_table":1,"minecraft:andesite":8,"minecraft:birch_log":14,"minecraft:smooth_stone_slab":7,"minecraft:bone_meal":37,"minecraft:golden_pickaxe":7,"minecraft:oak_fence":12,"minecraft:enchanting_table":1,"minecraft:stone_sword":265,"minecraft:flint_and_steel":8,"minecraft:armor_stand":4,"minecraft:dried_kelp":13,"minecraft:spruce_planks":18,"minecraft:stone_hoe":17,"minecraft:cooked_chicken":1,"minecraft:torch":438,"minecraft:dirt":736,"minecraft:anvil":2,"minecraft:wheat":1,"minecraft:dark_oak_planks":107,"minecraft:wooden_axe":191,"minecraft:iron_axe":778,"minecraft:oak_stairs":142,"minecraft:iron_boots":2,"minecraft:barrel":10,"minecraft:beef":6,"tombstone:gift":9,"minecraft:cooked_beef":8,"minecraft:cobbled_deepslate":121,"minecraft:cherry_log":2,"minecraft:iron_leggings":2,"minecraft:wheat_seeds":18,"minecraft:cooked_mutton":29,"minecraft:water_bucket":26,"minecraft:cobblestone_stairs":17,"minecraft:birch_planks":88,"minecraft:rabbit":1,"minecraft:baked_potato":2,"minecraft:birch_boat":10,"minecraft:mossy_cobblestone":1,"minecraft:crafting_table":31,"minecraft:spider_eye":1,"minecraft:dark_oak_fence_gate":2,"minecraft:white_bed":5,"hmag:spectral_soup":1,"minecraft:dark_oak_door":6,"minecraft:smoker":1,"minecraft:oak_log":89,"minecraft:wooden_hoe":49,"minecraft:diamond_pickaxe":82,"minecraft:apple":33,"minecraft:iron_pickaxe":2410,"minecraft:map":2,"tombstone:magic_scroll":10,"minecraft:golden_leggings":1,"minecraft:stone_axe":371,"travelersbackpack:standard":4,"minecraft:cobblestone":440,"minecraft:potion":1,"minecraft:cooked_porkchop":7,"minecraft:bucket":28,"minecraft:yellow_bed":1,"minecraft:birch_stairs":45},"minecraft:picked_up":{"minecraft:iron_chestplate":1,"minecraft:wheat":6,"minecraft:anvil":1,"minecraft:smithing_table":1,"minecraft:oak_stairs":11,"minecraft:enchanted_book":2,"minecraft:string":4,"minecraft:gold_nugget":22,"minecraft:cobbled_deepslate":169,"minecraft:bucket":2,"minecraft:iron_pickaxe":4,"minecraft:dark_oak_door":6,"minecraft:iron_boots":3,"minecraft:furnace":12,"grimoireofgaia:taproot":7,"minecraft:tipped_arrow":4,"minecraft:golden_helmet":1,"minecraft:stick":102,"minecraft:composter":9,"minecraft:oak_fence":12,"minecraft:torch":124,"hmag:diamond_fragment":1,"minecraft:spruce_stairs":2,"minecraft:porkchop":14,"minecraft:cherry_log":70,"tombstone:grave_dust":38,"minecraft:diorite":16,"grimoireofgaia:deco_nest_harpy":2,"minecraft:rotten_flesh":55,"minecraft:red_tulip":1,"minecraft:obsidian":12,"minecraft:cobblestone":1478,"minecraft:birch_log":137,"minecraft:pink_petals":43,"grimoireofgaia:metal_dagger":5,"minecraft:feather":36,"minecraft:jungle_log":46,"minecraft:birch_slab":10,"minecraft:andesite":20,"minecraft:dark_oak_boat":9,"minecraft:smoker":1,"minecraft:potato":1,"minecraft:tuff":8,"minecraft:dirt":993,"minecraft:map":1,"minecraft:lapis_lazuli":147,"minecraft:name_tag":2,"hmag:evil_crystal_fragment":3,"minecraft:leather_boots":2,"minecraft:glass":2,"minecraft:bone":45,"travelersbackpack:backpack_tank":2,"minecraft:bow":2,"minecraft:wheat_seeds":53,"minecraft:raw_gold":58,"minecraft:bell":1,"minecraft:grindstone":5,"minecraft:mossy_stone_bricks":1,"minecraft:rabbit":2,"minecraft:oak_planks":4,"minecraft:cooked_porkchop":2,"hmag:soul_powder":3,"tombstone:scroll_of_feather_fall":1,"grimoireofgaia:emerald_shard":2,"minecraft:birch_fence_gate":2,"minecraft:sand":42,"minecraft:stripped_spruce_log":10,"minecraft:grass_block":3,"minecraft:jungle_slab":1,"minecraft:dark_oak_log":248,"minecraft:barrel":6,"minecraft:mossy_cobblestone":4,"grimoireofgaia:shiny_pearl":22,"minecraft:bundle":5,"minecraft:clay":2,"minecraft:deepslate":3,"minecraft:diamond":6,"waystones:waystone":1,"tombstone:tablet_of_recall":2,"minecraft:crossbow":1,"minecraft:bone_meal":2,"minecraft:emerald":4,"minecraft:bread":1,"minecraft:oak_sapling":177,"minecraft:netherrack":1,"minecraft:dark_oak_fence":1,"minecraft:crafting_table":24,"minecraft:azure_bluet":1,"grimoireofgaia:soulfire":74,"minecraft:chicken":7,"minecraft:brown_mushroom":39,"minecraft:gold_block":2,"minecraft:shield":1,"minecraft:iron_axe":1,"minecraft:iron_shovel":1,"minecraft:birch_fence":8,"grimoireofgaia:honeydew":1,"minecraft:beef":28,"minecraft:jungle_sapling":12,"minecraft:iron_nugget":179,"minecraft:poppy":42,"minecraft:light_gray_wool":1,"minecraft:sugar_cane":2,"minecraft:chest":9,"minecraft:birch_sapling":41,"minecraft:egg":9,"minecraft:dark_oak_sapling":32,"minecraft:raw_iron":396,"grimoireofgaia:meat":10,"grimoireofgaia:box_gold":1,"minecraft:bowl":27,"minecraft:spruce_fence":2,"minecraft:carrot":389,"minecraft:redstone":87,"minecraft:dark_oak_planks":77,"minecraft:tnt":4,"minecraft:arrow":70,"minecraft:beetroot_seeds":1,"minecraft:shears":1,"minecraft:hay_block":34,"grimoireofgaia:cursed_metal_sword":4,"minecraft:saddle":1,"minecraft:gold_ingot":62,"grimoireofgaia:weapon_book":1,"minecraft:glow_berries":4,"minecraft:mutton":20,"minecraft:white_wool":17,"minecraft:stripped_oak_log":2,"minecraft:glow_ink_sac":8,"minecraft:leather":35,"minecraft:jungle_fence":1,"minecraft:red_mushroom":75,"minecraft:birch_planks":13,"minecraft:filled_map":2,"minecraft:oak_log":284,"minecraft:yellow_bed":1,"minecraft:gunpowder":2,"minecraft:cobblestone_stairs":5,"minecraft:paper":5,"tombstone:gift":2,"minecraft:cooked_mutton":2,"minecraft:coast_armor_trim_smithing_template":2,"minecraft:apple":21,"minecraft:kelp":32,"minecraft:rabbit_hide":2,"grimoireofgaia:golden_apple_pie_slice":1,"minecraft:iron_ingot":349,"minecraft:stripped_oak_wood":4,"minecraft:glass_bottle":1,"minecraft:iron_sword":6,"minecraft:acacia_sapling":3,"minecraft:dark_oak_stairs":2,"minecraft:book":2,"minecraft:dark_oak_slab":3,"minecraft:birch_boat":10,"minecraft:pumpkin":2,"minecraft:dandelion":11,"minecraft:gravel":2,"minecraft:lava_bucket":1,"minecraft:birch_stairs":23,"minecraft:spruce_sapling":2,"minecraft:blast_furnace":5,"minecraft:white_bed":4,"minecraft:spruce_log":30,"grimoireofgaia:box_iron":3,"minecraft:spider_eye":7,"travelersbackpack:standard":9,"minecraft:pumpkin_seeds":4,"minecraft:stone_axe":2,"minecraft:cherry_sapling":48,"minecraft:gray_wool":1,"tombstone:magic_scroll":1,"minecraft:baked_potato":2,"minecraft:melon_seeds":12,"minecraft:coal":849,"minecraft:sunflower":1,"minecraft:ender_pearl":4},"minecraft:dropped":{"minecraft:clay":1,"minecraft:iron_sword":12,"minecraft:birch_planks":5,"minecraft:lapis_lazuli":6,"minecraft:oak_log":33,"minecraft:glow_ink_sac":3,"minecraft:glass_bottle":2,"minecraft:dark_oak_sapling":3,"minecraft:dark_oak_slab":6,"minecraft:jungle_fence":1,"minecraft:crossbow":2,"minecraft:leather":3,"minecraft:saddle":1,"travelersbackpack:standard":2,"minecraft:rail":8,"minecraft:birch_slab":5,"minecraft:dirt":227,"minecraft:birch_fence":5,"minecraft:dark_oak_log":16,"minecraft:mutton":12,"minecraft:gold_nugget":16,"minecraft:wooden_sword":1,"minecraft:sunflower":1,"minecraft:sand":4,"minecraft:iron_pickaxe":6,"minecraft:stripped_oak_wood":2,"minecraft:dark_oak_planks":32,"minecraft:birch_stairs":14,"minecraft:gold_ingot":2,"minecraft:bone":14,"minecraft:gravel":1,"minecraft:stone_axe":2,"minecraft:iron_nugget":106,"minecraft:cobbled_deepslate":39,"minecraft:wheat":5,"minecraft:birch_sapling":41,"minecraft:rotten_flesh":37,"minecraft:oak_planks":4,"minecraft:white_bed":2,"minecraft:carrot":35,"minecraft:birch_fence_gate":2,"minecraft:poppy":42,"minecraft:rabbit_hide":2,"minecraft:tipped_arrow":2,"minecraft:gunpowder":2,"minecraft:beetroot_seeds":1,"minecraft:melon_seeds":12,"minecraft:chest":1,"minecraft:leather_boots":2,"minecraft:acacia_sapling":3,"grimoireofgaia:metal_dagger":1,"minecraft:leather_leggings":1,"minecraft:arrow":37,"minecraft:glass":8,"minecraft:netherrack":1,"minecraft:egg":4,"tombstone:scroll_of_feather_fall":1,"minecraft:enchanted_book":5,"minecraft:golden_boots":1,"minecraft:iron_ingot":89,"minecraft:bread":1,"grimoireofgaia:emerald_shard":2,"minecraft:wheat_seeds":17,"minecraft:tnt":2,"minecraft:iron_helmet":3,"minecraft:feather":36,"minecraft:cobblestone":88,"minecraft:apple":1,"grimoireofgaia:shiny_pearl":2,"minecraft:spruce_stairs":1,"hmag:diamond_fragment":1,"minecraft:coal":40,"minecraft:mushroom_stew":4,"minecraft:stick":23,"minecraft:jungle_slab":1,"minecraft:diorite":5,"minecraft:wooden_hoe":1,"minecraft:torch":17,"tombstone:grave_key":1,"grimoireofgaia:taproot":4,"tombstone:grave_dust":37,"minecraft:dried_kelp":1,"minecraft:iron_leggings":4,"minecraft:oak_stairs":4,"minecraft:iron_axe":2,"minecraft:paper":5,"minecraft:string":4,"minecraft:pink_petals":4,"hmag:evil_crystal_fragment":3,"minecraft:dandelion":7,"minecraft:redstone":44,"grimoireofgaia:weapon_book":1,"minecraft:furnace":3,"minecraft:kelp":22,"hmag:soul_powder":3,"minecraft:smooth_stone_slab":1,"minecraft:bowl":3,"minecraft:deepslate":4,"minecraft:tuff":8,"minecraft:raw_iron":65,"minecraft:light_gray_wool":1,"minecraft:iron_boots":3,"minecraft:name_tag":1,"minecraft:spruce_fence":2,"minecraft:shears":1,"minecraft:pumpkin_seeds":2,"grimoireofgaia:deco_nest_harpy":1,"minecraft:filled_map":8,"grimoireofgaia:soulfire":42,"minecraft:shield":1,"minecraft:spruce_planks":8,"minecraft:bundle":5,"minecraft:iron_chestplate":4,"minecraft:andesite":12,"minecraft:mossy_stone_bricks":1,"minecraft:golden_leggings":1,"minecraft:oak_sapling":65,"minecraft:spider_eye":6,"minecraft:birch_boat":1,"minecraft:red_tulip":1},"minecraft:killed":{"minecraft:cave_spider":4,"minecraft:spider":19,"grimoireofgaia:sporeling":1,"grimoireofgaia:minotaurus":15,"minecraft:skeleton":40,"grimoireofgaia:mimic":4,"minecraft:chicken":7,"minecraft:silverfish":1,"hmag:catoblepas":1,"grimoireofgaia:spriggan":3,"minecraft:pig":6,"grimoireofgaia:banshee":6,"grimoireofgaia:bone_knight":1,"minecraft:iron_golem":1,"grimoireofgaia:cobblestone_golem":1,"minecraft:creeper":2,"minecraft:sheep":14,"minecraft:pillager":13,"minecraft:zombie":43,"grimoireofgaia:deathword":2,"grimoireofgaia:harpy":34,"grimoireofgaia:dryad":3,"minecraft:cow":12,"grimoireofgaia:satyress":3,"hmag:creeper_girl":1,"hmag:skeleton_girl":4,"grimoireofgaia:centaur":4,"grimoireofgaia:ender_eye":3,"grimoireofgaia:bee":3,"hmag:zombie_girl":10,"minecraft:drowned":8,"grimoireofgaia:dwarf":2,"grimoireofgaia:dullahan":44,"hmag:ghost":9,"grimoireofgaia:cyan_flower":1,"grimoireofgaia:gryphon":3,"grimoireofgaia:cecaelia":25,"grimoireofgaia:horse":4,"grimoireofgaia:matango":1,"grimoireofgaia:arachne":1,"grimoireofgaia:werecat":5,"grimoireofgaia:kobold":1,"minecraft:enderman":4}},"DataVersion":3465}