{"stats":{"minecraft:crafted":{"minecraft:smooth_stone":3,"minecraft:oak_planks":8,"minecraft:barrel":4,"minecraft:birch_boat":2,"minecraft:cooked_chicken":1,"minecraft:birch_slab":12,"minecraft:cobblestone_stairs":20,"minecraft:stone":3,"minecraft:birch_fence_gate":1,"minecraft:chest":38,"minecraft:stone_hoe":1,"minecraft:deepslate":1,"minecraft:crafting_table":7,"minecraft:iron_helmet":1,"minecraft:wooden_pickaxe":1,"minecraft:birch_planks":364,"minecraft:dark_oak_slab":6,"minecraft:wooden_hoe":1,"minecraft:iron_chestplate":1,"minecraft:diamond_pickaxe":1,"minecraft:birch_fence":36,"minecraft:stick":120,"minecraft:iron_ingot":236,"minecraft:iron_pickaxe":8,"minecraft:iron_block":3,"minecraft:stone_sword":2,"minecraft:gold_ingot":58,"minecraft:composter":1,"minecraft:birch_stairs":36,"minecraft:shears":1,"minecraft:wooden_sword":1,"minecraft:furnace":1,"minecraft:blast_furnace":1,"minecraft:mushroom_stew":9,"minecraft:bone_meal":39,"minecraft:iron_axe":2,"minecraft:stone_pickaxe":2,"minecraft:dark_oak_planks":672,"grimoireofgaia:cursed_metal_sword":1,"minecraft:wheat":306,"minecraft:dark_oak_stairs":44,"minecraft:dried_kelp":2,"minecraft:iron_sword":3,"minecraft:bowl":20,"minecraft:bucket":2,"minecraft:stone_axe":4,"minecraft:bread":102,"minecraft:air":0,"minecraft:jungle_planks":96,"minecraft:wooden_axe":3,"minecraft:iron_shovel":2,"minecraft:iron_leggings":2,"minecraft:anvil":1,"minecraft:white_bed":1,"minecraft:torch":244},"minecraft:picked_up":{"minecraft:iron_chestplate":1,"minecraft:wheat":4,"minecraft:enchanted_book":1,"minecraft:string":2,"minecraft:gold_nugget":7,"minecraft:cobbled_deepslate":169,"minecraft:bucket":2,"minecraft:dark_oak_door":5,"minecraft:furnace":6,"minecraft:iron_boots":3,"grimoireofgaia:taproot":2,"minecraft:tipped_arrow":3,"minecraft:stick":79,"minecraft:composter":9,"minecraft:torch":20,"hmag:diamond_fragment":1,"minecraft:spruce_stairs":2,"minecraft:porkchop":4,"tombstone:grave_dust":6,"minecraft:diorite":5,"minecraft:rotten_flesh":26,"minecraft:cobblestone":1141,"minecraft:birch_log":105,"minecraft:feather":13,"minecraft:andesite":16,"minecraft:birch_slab":10,"minecraft:jungle_log":46,"minecraft:tuff":8,"minecraft:map":1,"minecraft:lapis_lazuli":134,"minecraft:dirt":382,"minecraft:name_tag":2,"minecraft:bone":27,"minecraft:wheat_seeds":25,"minecraft:raw_gold":58,"minecraft:rabbit":1,"minecraft:cooked_porkchop":1,"hmag:soul_powder":3,"grimoireofgaia:emerald_shard":2,"minecraft:birch_fence_gate":2,"minecraft:grass_block":2,"minecraft:barrel":6,"minecraft:dark_oak_log":248,"minecraft:bundle":2,"minecraft:diamond":5,"minecraft:deepslate":3,"tombstone:tablet_of_recall":2,"minecraft:bone_meal":2,"minecraft:emerald":4,"minecraft:bread":1,"minecraft:oak_sapling":96,"minecraft:crafting_table":15,"grimoireofgaia:soulfire":43,"minecraft:chicken":1,"minecraft:brown_mushroom":39,"minecraft:shield":1,"minecraft:birch_fence":8,"grimoireofgaia:honeydew":1,"minecraft:beef":12,"minecraft:jungle_sapling":12,"minecraft:iron_nugget":92,"minecraft:poppy":15,"minecraft:chest":8,"minecraft:birch_sapling":38,"minecraft:egg":5,"minecraft:dark_oak_sapling":32,"minecraft:raw_iron":364,"grimoireofgaia:meat":6,"minecraft:bowl":27,"minecraft:carrot":6,"minecraft:redstone":86,"minecraft:dark_oak_planks":30,"minecraft:arrow":18,"minecraft:shears":1,"minecraft:hay_block":34,"grimoireofgaia:cursed_metal_sword":3,"minecraft:gold_ingot":58,"grimoireofgaia:weapon_book":1,"minecraft:glow_berries":4,"minecraft:mutton":16,"minecraft:white_wool":11,"minecraft:stripped_oak_log":2,"minecraft:glow_ink_sac":8,"minecraft:leather":16,"minecraft:red_mushroom":75,"minecraft:birch_planks":8,"minecraft:oak_log":181,"minecraft:yellow_bed":1,"minecraft:gunpowder":2,"minecraft:cobblestone_stairs":5,"minecraft:paper":4,"minecraft:cooked_mutton":2,"minecraft:coast_armor_trim_smithing_template":2,"minecraft:apple":17,"minecraft:kelp":2,"minecraft:rabbit_hide":1,"grimoireofgaia:golden_apple_pie_slice":1,"minecraft:iron_ingot":256,"minecraft:dark_oak_stairs":2,"minecraft:iron_sword":1,"minecraft:book":1,"minecraft:dark_oak_slab":3,"minecraft:pumpkin":2,"minecraft:birch_boat":3,"minecraft:dandelion":1,"minecraft:gravel":1,"minecraft:birch_stairs":22,"minecraft:spruce_sapling":2,"minecraft:blast_furnace":3,"minecraft:spruce_log":30,"grimoireofgaia:box_iron":2,"minecraft:spider_eye":2,"minecraft:pumpkin_seeds":3,"minecraft:stone_axe":2,"minecraft:gray_wool":1,"minecraft:melon_seeds":8,"minecraft:coal":503,"minecraft:ender_pearl":2},"minecraft:killed":{"minecraft:cave_spider":3,"minecraft:spider":5,"grimoireofgaia:minotaurus":4,"minecraft:skeleton":12,"grimoireofgaia:mimic":2,"minecraft:chicken":1,"minecraft:silverfish":1,"minecraft:pig":2,"grimoireofgaia:banshee":1,"grimoireofgaia:bone_knight":1,"grimoireofgaia:cobblestone_golem":1,"minecraft:creeper":2,"minecraft:sheep":11,"minecraft:zombie":12,"grimoireofgaia:deathword":1,"grimoireofgaia:harpy":11,"grimoireofgaia:dryad":3,"minecraft:cow":5,"grimoireofgaia:satyress":2,"hmag:skeleton_girl":1,"grimoireofgaia:centaur":4,"grimoireofgaia:bee":3,"hmag:zombie_girl":5,"grimoireofgaia:dullahan":20,"hmag:ghost":7,"grimoireofgaia:gryphon":3,"grimoireofgaia:cecaelia":1,"grimoireofgaia:horse":2,"grimoireofgaia:werecat":2,"minecraft:enderman":2},"minecraft:dropped":{"minecraft:iron_sword":1,"minecraft:birch_planks":4,"minecraft:lapis_lazuli":6,"minecraft:oak_log":33,"minecraft:glow_ink_sac":3,"minecraft:dark_oak_sapling":3,"minecraft:dark_oak_slab":6,"minecraft:rail":8,"minecraft:birch_slab":5,"minecraft:dirt":226,"minecraft:birch_fence":5,"minecraft:dark_oak_log":16,"minecraft:gold_nugget":1,"minecraft:wooden_sword":1,"minecraft:iron_pickaxe":1,"minecraft:dark_oak_planks":4,"minecraft:birch_stairs":14,"minecraft:bone":14,"minecraft:stone_axe":2,"minecraft:iron_nugget":25,"minecraft:cobbled_deepslate":39,"minecraft:wheat":2,"minecraft:birch_sapling":38,"minecraft:rotten_flesh":17,"minecraft:birch_fence_gate":2,"minecraft:poppy":15,"minecraft:rabbit_hide":1,"minecraft:gunpowder":2,"minecraft:melon_seeds":4,"minecraft:egg":2,"minecraft:enchanted_book":2,"minecraft:bread":1,"grimoireofgaia:emerald_shard":2,"minecraft:wheat_seeds":4,"minecraft:feather":13,"minecraft:cobblestone":87,"minecraft:apple":1,"minecraft:spruce_stairs":1,"hmag:diamond_fragment":1,"minecraft:coal":40,"minecraft:mushroom_stew":4,"minecraft:stick":5,"minecraft:diorite":5,"minecraft:wooden_hoe":1,"tombstone:grave_key":1,"tombstone:grave_dust":6,"minecraft:iron_leggings":1,"minecraft:paper":4,"minecraft:string":2,"minecraft:dandelion":1,"grimoireofgaia:weapon_book":1,"minecraft:kelp":1,"hmag:soul_powder":3,"minecraft:bowl":2,"minecraft:deepslate":4,"minecraft:tuff":8,"minecraft:raw_iron":65,"minecraft:iron_boots":1,"minecraft:name_tag":1,"minecraft:pumpkin_seeds":1,"grimoireofgaia:soulfire":11,"minecraft:filled_map":1,"minecraft:bundle":2,"minecraft:iron_chestplate":1,"minecraft:andesite":12,"minecraft:oak_sapling":20,"minecraft:spider_eye":1,"minecraft:birch_boat":1},"minecraft:custom":{"minecraft:interact_with_crafting_table":69,"minecraft:open_barrel":3,"minecraft:bell_ring":32,"minecraft:leave_game":4,"minecraft:time_since_death":0,"minecraft:sprint_one_cm":925999,"minecraft:damage_blocked_by_shield":1410,"minecraft:drop":139,"minecraft:talked_to_villager":162,"minecraft:play_time":361848,"minecraft:deaths":14,"minecraft:jump":5092,"minecraft:walk_on_water_one_cm":44529,"minecraft:interact_with_furnace":46,"minecraft:sleep_in_bed":15,"minecraft:damage_dealt":44479,"minecraft:player_kills":1,"minecraft:crouch_one_cm":54973,"tombstone:undead_killed":39,"minecraft:interact_with_smoker":2,"minecraft:mob_kills":133,"minecraft:interact_with_anvil":3,"minecraft:climb_one_cm":3643,"minecraft:walk_one_cm":1126344,"minecraft:sneak_time":20915,"minecraft:walk_under_water_one_cm":21089,"minecraft:boat_one_cm":115200,"minecraft:interact_with_blast_furnace":29,"minecraft:total_world_time":361848,"minecraft:time_since_rest":2447,"minecraft:damage_taken":8819,"minecraft:swim_one_cm":26291,"minecraft:fly_one_cm":696744,"minecraft:open_chest":94,"minecraft:fall_one_cm":114080},"minecraft:used":{"minecraft:iron_shovel":239,"minecraft:poppy":1,"minecraft:chest":44,"minecraft:shield":46,"minecraft:iron_sword":681,"grimoireofgaia:soulfire":18,"minecraft:rotten_flesh":9,"minecraft:carrot":22,"grimoireofgaia:honeydew":1,"hmag:bat_stew":2,"minecraft:iron_helmet":1,"minecraft:furnace":6,"minecraft:oak_sapling":12,"grimoireofgaia:meat":5,"minecraft:egg":2,"minecraft:dark_oak_sapling":26,"minecraft:dark_oak_stairs":24,"minecraft:stone_pickaxe":198,"minecraft:wooden_pickaxe":5,"minecraft:composter":10,"minecraft:glow_berries":4,"minecraft:mushroom_stew":5,"minecraft:blast_furnace":4,"minecraft:birch_fence":34,"minecraft:birch_fence_gate":1,"minecraft:bread":86,"grimoireofgaia:taproot":2,"minecraft:gravel":1,"minecraft:wooden_sword":7,"minecraft:birch_log":14,"minecraft:andesite":4,"minecraft:bone_meal":37,"minecraft:stone_sword":265,"minecraft:dried_kelp":2,"minecraft:stone_hoe":1,"minecraft:cooked_chicken":1,"minecraft:torch":270,"minecraft:dirt":85,"minecraft:anvil":1,"minecraft:wheat":1,"minecraft:dark_oak_planks":62,"minecraft:wooden_axe":191,"minecraft:iron_axe":370,"minecraft:iron_boots":1,"minecraft:barrel":10,"tombstone:gift":4,"minecraft:cobbled_deepslate":121,"minecraft:iron_leggings":1,"minecraft:wheat_seeds":17,"minecraft:cooked_mutton":2,"minecraft:water_bucket":17,"minecraft:cobblestone_stairs":17,"minecraft:rabbit":1,"minecraft:birch_planks":86,"minecraft:birch_boat":2,"minecraft:crafting_table":18,"minecraft:spider_eye":1,"minecraft:white_bed":1,"minecraft:dark_oak_door":5,"minecraft:oak_log":87,"minecraft:wooden_hoe":49,"minecraft:diamond_pickaxe":5,"minecraft:apple":7,"minecraft:iron_pickaxe":1907,"minecraft:map":1,"minecraft:stone_axe":371,"minecraft:cobblestone":197,"minecraft:cooked_porkchop":1,"minecraft:bucket":18,"minecraft:yellow_bed":1,"minecraft:birch_stairs":42},"minecraft:mined":{"minecraft:dark_oak_planks":8,"minecraft:spruce_planks":5,"minecraft:cobblestone_stairs":1,"minecraft:sculk_vein":2,"minecraft:jungle_leaves":3,"minecraft:granite":3,"minecraft:grass_block":148,"minecraft:jungle_log":22,"minecraft:composter":9,"minecraft:frosted_ice":1,"minecraft:spawner":1,"minecraft:barrel":6,"minecraft:iron_ore":135,"minecraft:fire":18,"minecraft:pumpkin":1,"minecraft:deepslate_lapis_ore":6,"minecraft:dark_oak_stairs":2,"minecraft:dirt_path":12,"minecraft:powder_snow":1,"minecraft:torch":2,"minecraft:blast_furnace":3,"minecraft:poppy":7,"minecraft:chest":9,"minecraft:mushroom_stem":16,"minecraft:cobblestone":30,"minecraft:wall_torch":9,"minecraft:dark_oak_door":3,"minecraft:birch_log":105,"minecraft:wheat":2,"minecraft:grass":122,"minecraft:oak_log":120,"minecraft:dark_oak_sapling":6,"minecraft:dirt":118,"minecraft:red_mushroom_block":72,"minecraft:oak_leaves":1,"minecraft:deepslate":187,"minecraft:infested_deepslate":1,"minecraft:tuff":14,"minecraft:deepslate_diamond_ore":5,"minecraft:dark_oak_log":168,"minecraft:birch_fence_gate":1,"minecraft:brown_mushroom_block":45,"minecraft:spruce_leaves":9,"minecraft:hay_block":34,"minecraft:redstone_ore":9,"minecraft:furnace":5,"minecraft:carrots":2,"minecraft:andesite":18,"minecraft:deepslate_iron_ore":159,"minecraft:vine":3,"minecraft:stripped_oak_log":2,"minecraft:stone":1119,"minecraft:birch_stairs":8,"minecraft:crafting_table":12,"minecraft:emerald_ore":4,"minecraft:sculk_sensor":1,"minecraft:tall_grass":8,"minecraft:lapis_ore":2,"minecraft:deepslate_gold_ore":53,"minecraft:sculk":1,"minecraft:diorite":6,"minecraft:spruce_stairs":1,"minecraft:birch_planks":8,"minecraft:spruce_log":16,"minecraft:yellow_bed":1,"minecraft:coal_ore":259,"minecraft:cobweb":22,"minecraft:gold_ore":6,"minecraft:birch_fence":3},"minecraft:broken":{"minecraft:stone_pickaxe":2,"minecraft:stone_axe":4,"minecraft:iron_sword":2,"minecraft:wooden_axe":3,"minecraft:stone_sword":2,"minecraft:iron_axe":1,"minecraft:iron_pickaxe":6,"minecraft:iron_helmet":1},"minecraft:killed_by":{"grimoireofgaia:cecaelia":1,"grimoireofgaia:bone_knight":1,"grimoireofgaia:minotaurus":1,"grimoireofgaia:harpy":3,"grimoireofgaia:banshee":2,"grimoireofgaia:cobblestone_golem":2,"grimoireofgaia:ender_eye":1,"grimoireofgaia:sporeling":1,"grimoireofgaia:satyress":1,"grimoireofgaia:valkyrie":1}},"DataVersion":3465}