{"stats":{"minecraft:crafted":{"minecraft:wooden_sword":1,"minecraft:crafting_table":3,"minecraft:wooden_pickaxe":1,"minecraft:dried_kelp":2,"minecraft:birch_boat":2,"minecraft:bowl":20,"minecraft:mushroom_stew":9,"minecraft:birch_planks":216,"minecraft:stone_axe":1,"minecraft:air":0,"minecraft:jungle_planks":8,"minecraft:stone_pickaxe":1,"minecraft:wooden_axe":3,"minecraft:stone_sword":1},"minecraft:killed_by":{"grimoireofgaia:cecaelia":1,"grimoireofgaia:cobblestone_golem":2,"grimoireofgaia:sporeling":1},"minecraft:dropped":{"minecraft:coal":27,"minecraft:mushroom_stew":4,"minecraft:wooden_sword":1,"minecraft:birch_boat":1},"minecraft:picked_up":{"minecraft:birch_log":66,"minecraft:crafting_table":4,"minecraft:iron_chestplate":1,"minecraft:jungle_log":24,"minecraft:brown_mushroom":29,"minecraft:red_mushroom":53,"minecraft:shield":1,"minecraft:dirt":3,"minecraft:cooked_mutton":2,"minecraft:bone":1,"minecraft:jungle_sapling":6,"minecraft:iron_nugget":2,"minecraft:birch_sapling":17,"minecraft:furnace":1,"minecraft:dark_oak_sapling":7,"minecraft:stick":23,"grimoireofgaia:meat":2,"minecraft:cooked_porkchop":1,"minecraft:birch_boat":1,"minecraft:bowl":11,"minecraft:porkchop":1,"minecraft:grass_block":1,"minecraft:dark_oak_log":74,"minecraft:gray_wool":1,"minecraft:mutton":4,"minecraft:coal":54,"minecraft:white_wool":2,"minecraft:cobblestone":29,"minecraft:ender_pearl":1},"minecraft:killed":{"minecraft:pig":1,"grimoireofgaia:cobblestone_golem":1,"grimoireofgaia:cecaelia":1,"minecraft:sheep":3,"minecraft:skeleton":1,"grimoireofgaia:bee":1,"grimoireofgaia:werecat":1,"minecraft:enderman":1},"minecraft:used":{"minecraft:cooked_mutton":2,"minecraft:stone_sword":80,"minecraft:birch_planks":2,"minecraft:stone_pickaxe":51,"minecraft:dried_kelp":2,"minecraft:shield":1,"minecraft:wooden_pickaxe":5,"minecraft:birch_boat":1,"minecraft:crafting_table":6,"minecraft:mushroom_stew":1,"minecraft:wooden_axe":173,"minecraft:stone_axe":133,"minecraft:wooden_sword":7,"minecraft:cobblestone":5,"minecraft:cooked_porkchop":1,"tombstone:gift":2,"grimoireofgaia:meat":2},"minecraft:mined":{"minecraft:dark_oak_log":74,"minecraft:jungle_leaves":3,"minecraft:crafting_table":3,"minecraft:grass_block":2,"minecraft:jungle_log":22,"minecraft:mushroom_stem":16,"minecraft:brown_mushroom_block":45,"minecraft:birch_log":66,"minecraft:grass":3,"minecraft:coal_ore":27,"minecraft:vine":3,"minecraft:dirt":1,"minecraft:red_mushroom_block":72,"minecraft:stone":29},"minecraft:broken":{"minecraft:stone_axe":1,"minecraft:wooden_axe":2},"minecraft:custom":{"minecraft:interact_with_furnace":14,"minecraft:mob_kills":10,"minecraft:interact_with_crafting_table":13,"minecraft:leave_game":1,"minecraft:time_since_death":1514,"minecraft:climb_one_cm":2090,"minecraft:time_since_rest":1,"minecraft:sprint_one_cm":81863,"minecraft:damage_taken":1519,"minecraft:walk_one_cm":86157,"minecraft:damage_blocked_by_shield":40,"minecraft:drop":7,"minecraft:damage_dealt":3250,"minecraft:swim_one_cm":8761,"minecraft:fly_one_cm":86520,"minecraft:player_kills":1,"minecraft:crouch_one_cm":6805,"minecraft:play_time":40314,"tombstone:undead_killed":1,"minecraft:deaths":4,"minecraft:sneak_time":1675,"minecraft:walk_under_water_one_cm":4444,"minecraft:boat_one_cm":59580,"minecraft:jump":520,"minecraft:walk_on_water_one_cm":4419,"minecraft:total_world_time":40314,"minecraft:fall_one_cm":11741}},"DataVersion":3465}