{"stats":{"minecraft:used":{"minecraft:iron_shovel":239,"minecraft:poppy":1,"minecraft:chest":44,"minecraft:shield":87,"minecraft:iron_sword":1481,"grimoireofgaia:soulfire":18,"minecraft:rotten_flesh":13,"grimoireofgaia:deco_nest_harpy":1,"minecraft:carrot":22,"grimoireofgaia:honeydew":1,"hmag:bat_stew":2,"minecraft:lava_bucket":1,"minecraft:iron_helmet":1,"minecraft:dark_oak_boat":5,"minecraft:oak_sapling":12,"minecraft:furnace":8,"minecraft:cooked_cod":6,"grimoireofgaia:meat":7,"minecraft:egg":2,"minecraft:dark_oak_sapling":26,"minecraft:dark_oak_stairs":24,"minecraft:stone_pickaxe":198,"minecraft:wooden_pickaxe":5,"minecraft:composter":10,"minecraft:golden_apple":1,"minecraft:white_wool":1,"minecraft:glow_berries":4,"minecraft:mushroom_stew":5,"minecraft:blast_furnace":4,"minecraft:birch_fence":34,"minecraft:birch_fence_gate":1,"minecraft:bread":123,"grimoireofgaia:taproot":2,"minecraft:gravel":1,"minecraft:wooden_sword":7,"minecraft:andesite":4,"minecraft:birch_log":14,"minecraft:bone_meal":37,"minecraft:stone_sword":265,"minecraft:flint_and_steel":8,"minecraft:dried_kelp":2,"minecraft:spruce_planks":18,"minecraft:stone_hoe":1,"minecraft:cooked_chicken":1,"minecraft:torch":275,"minecraft:dirt":121,"minecraft:anvil":2,"minecraft:wheat":1,"minecraft:dark_oak_planks":107,"minecraft:wooden_axe":191,"minecraft:iron_axe":413,"minecraft:iron_boots":1,"minecraft:barrel":10,"minecraft:beef":6,"tombstone:gift":5,"minecraft:cooked_beef":8,"minecraft:cobbled_deepslate":121,"minecraft:iron_leggings":1,"minecraft:wheat_seeds":17,"minecraft:cooked_mutton":2,"minecraft:water_bucket":26,"minecraft:cobblestone_stairs":17,"minecraft:rabbit":1,"minecraft:birch_planks":87,"minecraft:birch_boat":10,"minecraft:crafting_table":26,"minecraft:spider_eye":1,"minecraft:white_bed":4,"minecraft:smoker":1,"hmag:spectral_soup":1,"minecraft:dark_oak_door":6,"minecraft:oak_log":87,"minecraft:wooden_hoe":49,"minecraft:diamond_pickaxe":19,"minecraft:apple":7,"minecraft:iron_pickaxe":1935,"minecraft:map":2,"tombstone:magic_scroll":10,"minecraft:stone_axe":371,"minecraft:potion":1,"minecraft:cobblestone":200,"minecraft:cooked_porkchop":1,"minecraft:bucket":28,"minecraft:yellow_bed":1,"minecraft:birch_stairs":45},"minecraft:picked_up":{"minecraft:iron_chestplate":1,"minecraft:wheat":6,"minecraft:anvil":1,"minecraft:smithing_table":1,"minecraft:enchanted_book":1,"minecraft:string":2,"minecraft:gold_nugget":11,"minecraft:cobbled_deepslate":169,"minecraft:bucket":2,"minecraft:iron_pickaxe":2,"minecraft:dark_oak_door":6,"minecraft:furnace":10,"minecraft:iron_boots":3,"grimoireofgaia:taproot":2,"minecraft:tipped_arrow":4,"minecraft:stick":82,"minecraft:composter":9,"minecraft:torch":21,"hmag:diamond_fragment":1,"minecraft:spruce_stairs":2,"minecraft:porkchop":14,"tombstone:grave_dust":14,"minecraft:diorite":5,"grimoireofgaia:deco_nest_harpy":2,"minecraft:rotten_flesh":39,"minecraft:red_tulip":1,"minecraft:obsidian":12,"minecraft:cobblestone":1153,"minecraft:birch_log":105,"minecraft:pink_petals":8,"minecraft:feather":27,"minecraft:andesite":16,"minecraft:birch_slab":10,"minecraft:jungle_log":46,"minecraft:dark_oak_boat":4,"minecraft:smoker":1,"minecraft:potato":1,"minecraft:tuff":8,"minecraft:map":1,"minecraft:lapis_lazuli":134,"minecraft:dirt":386,"minecraft:name_tag":2,"minecraft:glass":2,"minecraft:bone":29,"travelersbackpack:backpack_tank":2,"minecraft:bow":1,"minecraft:wheat_seeds":34,"minecraft:raw_gold":58,"minecraft:grindstone":1,"minecraft:mossy_stone_bricks":1,"minecraft:rabbit":2,"minecraft:oak_planks":4,"minecraft:cooked_porkchop":2,"hmag:soul_powder":3,"tombstone:scroll_of_feather_fall":1,"grimoireofgaia:emerald_shard":2,"minecraft:birch_fence_gate":2,"minecraft:sand":41,"minecraft:stripped_spruce_log":10,"minecraft:grass_block":2,"minecraft:dark_oak_log":248,"minecraft:barrel":6,"grimoireofgaia:shiny_pearl":3,"minecraft:bundle":3,"minecraft:clay":1,"minecraft:diamond":5,"minecraft:deepslate":3,"tombstone:tablet_of_recall":2,"minecraft:crossbow":1,"minecraft:bone_meal":2,"minecraft:emerald":4,"minecraft:bread":1,"minecraft:oak_sapling":97,"minecraft:netherrack":1,"minecraft:crafting_table":21,"grimoireofgaia:soulfire":51,"minecraft:chicken":1,"minecraft:brown_mushroom":39,"minecraft:gold_block":2,"minecraft:shield":1,"minecraft:iron_axe":1,"minecraft:iron_shovel":1,"minecraft:birch_fence":8,"grimoireofgaia:honeydew":1,"minecraft:beef":20,"minecraft:jungle_sapling":12,"minecraft:iron_nugget":123,"minecraft:poppy":17,"minecraft:sugar_cane":2,"minecraft:chest":9,"minecraft:birch_sapling":38,"minecraft:egg":5,"minecraft:dark_oak_sapling":32,"minecraft:raw_iron":364,"grimoireofgaia:meat":7,"minecraft:bowl":27,"minecraft:spruce_fence":2,"minecraft:carrot":6,"minecraft:redstone":87,"minecraft:dark_oak_planks":70,"minecraft:arrow":44,"minecraft:beetroot_seeds":1,"minecraft:shears":1,"minecraft:hay_block":34,"grimoireofgaia:cursed_metal_sword":4,"minecraft:saddle":1,"minecraft:gold_ingot":58,"grimoireofgaia:weapon_book":1,"minecraft:glow_berries":4,"minecraft:mutton":16,"minecraft:white_wool":16,"minecraft:stripped_oak_log":2,"minecraft:glow_ink_sac":8,"minecraft:leather":23,"minecraft:red_mushroom":75,"minecraft:filled_map":2,"minecraft:birch_planks":9,"minecraft:oak_log":184,"minecraft:yellow_bed":1,"minecraft:gunpowder":2,"minecraft:cobblestone_stairs":5,"minecraft:paper":4,"minecraft:cooked_mutton":2,"minecraft:coast_armor_trim_smithing_template":2,"minecraft:apple":17,"minecraft:kelp":23,"minecraft:rabbit_hide":2,"grimoireofgaia:golden_apple_pie_slice":1,"minecraft:iron_ingot":349,"minecraft:acacia_sapling":3,"minecraft:glass_bottle":1,"minecraft:iron_sword":2,"minecraft:dark_oak_stairs":2,"minecraft:book":1,"minecraft:dark_oak_slab":3,"minecraft:birch_boat":10,"minecraft:pumpkin":2,"minecraft:dandelion":2,"minecraft:gravel":1,"minecraft:lava_bucket":1,"minecraft:birch_stairs":23,"minecraft:spruce_sapling":2,"minecraft:blast_furnace":4,"minecraft:white_bed":3,"minecraft:spruce_log":30,"grimoireofgaia:box_iron":3,"minecraft:spider_eye":4,"minecraft:pumpkin_seeds":4,"minecraft:stone_axe":2,"minecraft:gray_wool":1,"minecraft:melon_seeds":12,"minecraft:coal":630,"minecraft:sunflower":1,"minecraft:ender_pearl":2},"minecraft:broken":{"minecraft:golden_helmet":1,"minecraft:iron_leggings":1,"minecraft:stone_pickaxe":2,"minecraft:stone_axe":4,"minecraft:iron_sword":2,"minecraft:wooden_axe":3,"minecraft:stone_sword":2,"minecraft:iron_axe":1,"minecraft:iron_pickaxe":6,"minecraft:iron_helmet":1},"minecraft:dropped":{"minecraft:iron_sword":5,"minecraft:birch_planks":4,"minecraft:lapis_lazuli":6,"minecraft:oak_log":33,"minecraft:glow_ink_sac":3,"minecraft:glass_bottle":2,"minecraft:dark_oak_sapling":3,"minecraft:crossbow":2,"minecraft:dark_oak_slab":6,"minecraft:saddle":1,"minecraft:rail":8,"minecraft:birch_slab":5,"minecraft:dirt":227,"minecraft:birch_fence":5,"minecraft:dark_oak_log":16,"minecraft:mutton":12,"minecraft:wooden_sword":1,"minecraft:gold_nugget":5,"minecraft:sunflower":1,"minecraft:sand":3,"minecraft:iron_pickaxe":4,"minecraft:dark_oak_planks":32,"minecraft:birch_stairs":14,"minecraft:bone":14,"minecraft:stone_axe":2,"minecraft:iron_nugget":74,"minecraft:cobbled_deepslate":39,"minecraft:wheat":2,"minecraft:birch_sapling":38,"minecraft:rotten_flesh":26,"minecraft:oak_planks":4,"minecraft:birch_fence_gate":2,"minecraft:poppy":17,"minecraft:rabbit_hide":2,"minecraft:tipped_arrow":2,"minecraft:gunpowder":2,"minecraft:beetroot_seeds":1,"minecraft:melon_seeds":12,"minecraft:arrow":37,"minecraft:netherrack":1,"minecraft:egg":2,"minecraft:enchanted_book":2,"tombstone:scroll_of_feather_fall":1,"minecraft:iron_ingot":89,"minecraft:bread":1,"grimoireofgaia:emerald_shard":2,"minecraft:wheat_seeds":8,"minecraft:iron_helmet":2,"minecraft:feather":27,"minecraft:cobblestone":88,"minecraft:apple":1,"grimoireofgaia:shiny_pearl":2,"minecraft:spruce_stairs":1,"hmag:diamond_fragment":1,"minecraft:mushroom_stew":4,"minecraft:coal":40,"minecraft:stick":14,"minecraft:diorite":5,"minecraft:wooden_hoe":1,"tombstone:grave_key":1,"tombstone:grave_dust":14,"minecraft:iron_leggings":2,"minecraft:iron_axe":1,"minecraft:paper":4,"minecraft:string":2,"minecraft:pink_petals":4,"minecraft:dandelion":2,"minecraft:redstone":1,"grimoireofgaia:weapon_book":1,"minecraft:kelp":22,"hmag:soul_powder":3,"minecraft:bowl":3,"minecraft:deepslate":4,"minecraft:tuff":8,"minecraft:raw_iron":65,"minecraft:iron_boots":2,"minecraft:name_tag":1,"minecraft:spruce_fence":2,"minecraft:shears":1,"minecraft:pumpkin_seeds":2,"grimoireofgaia:deco_nest_harpy":1,"minecraft:filled_map":8,"grimoireofgaia:soulfire":17,"minecraft:bundle":3,"minecraft:iron_chestplate":2,"minecraft:andesite":12,"minecraft:mossy_stone_bricks":1,"minecraft:oak_sapling":25,"minecraft:spider_eye":3,"minecraft:birch_boat":1,"minecraft:red_tulip":1},"minecraft:custom":{"minecraft:interact_with_crafting_table":90,"minecraft:open_barrel":3,"minecraft:bell_ring":32,"minecraft:leave_game":6,"minecraft:time_since_death":75473,"minecraft:sprint_one_cm":1180310,"minecraft:damage_blocked_by_shield":2520,"minecraft:drop":252,"minecraft:talked_to_villager":164,"minecraft:play_time":496833,"minecraft:deaths":22,"minecraft:jump":7010,"minecraft:walk_on_water_one_cm":118167,"minecraft:interact_with_furnace":61,"minecraft:sleep_in_bed":17,"minecraft:damage_dealt":74582,"minecraft:player_kills":1,"minecraft:crouch_one_cm":64693,"tombstone:undead_killed":71,"minecraft:interact_with_smoker":3,"minecraft:inspect_dispenser":3,"minecraft:interact_with_anvil":3,"minecraft:mob_kills":230,"minecraft:damage_dealt_resisted":421,"minecraft:climb_one_cm":3643,"minecraft:walk_one_cm":1382013,"minecraft:sneak_time":25209,"minecraft:walk_under_water_one_cm":123123,"minecraft:boat_one_cm":889183,"minecraft:interact_with_blast_furnace":29,"minecraft:total_world_time":496833,"tombstone:raider_killed":13,"minecraft:time_since_rest":6705,"minecraft:damage_taken":14105,"minecraft:damage_absorbed":39,"minecraft:swim_one_cm":110171,"minecraft:fly_one_cm":1002149,"minecraft:open_chest":152,"minecraft:fall_one_cm":158409},"minecraft:mined":{"minecraft:dark_oak_planks":23,"minecraft:white_bed":3,"minecraft:spruce_planks":5,"minecraft:cobblestone_stairs":1,"minecraft:sculk_vein":2,"minecraft:jungle_leaves":3,"minecraft:obsidian":12,"minecraft:granite":3,"minecraft:grass_block":149,"minecraft:jungle_log":22,"minecraft:frosted_ice":1,"minecraft:composter":9,"minecraft:spawner":1,"minecraft:tall_seagrass":1,"minecraft:iron_ore":135,"minecraft:fire":18,"minecraft:barrel":6,"minecraft:pumpkin":1,"minecraft:deepslate_lapis_ore":6,"minecraft:anvil":1,"minecraft:dark_oak_stairs":2,"minecraft:dirt_path":12,"minecraft:tripwire":2,"minecraft:kelp_plant":13,"minecraft:smoker":1,"minecraft:powder_snow":1,"minecraft:torch":2,"minecraft:blast_furnace":4,"minecraft:poppy":8,"minecraft:chest":9,"minecraft:mushroom_stem":16,"minecraft:cobblestone":30,"minecraft:grindstone":1,"minecraft:sugar_cane":1,"minecraft:wall_torch":9,"minecraft:seagrass":1,"minecraft:dark_oak_door":3,"minecraft:birch_log":105,"minecraft:wheat":3,"minecraft:grass":183,"minecraft:oak_log":125,"minecraft:beetroots":1,"minecraft:dark_oak_sapling":6,"minecraft:sand":23,"minecraft:dirt":119,"minecraft:red_mushroom_block":72,"minecraft:netherrack":1,"minecraft:oak_leaves":3,"minecraft:deepslate":187,"minecraft:infested_deepslate":1,"minecraft:tuff":14,"grimoireofgaia:deco_nest_harpy":1,"minecraft:deepslate_diamond_ore":5,"minecraft:dark_oak_log":168,"minecraft:birch_fence_gate":1,"minecraft:spruce_fence":2,"minecraft:redstone_wire":1,"minecraft:brown_mushroom_block":45,"minecraft:spruce_leaves":9,"minecraft:kelp":5,"minecraft:hay_block":34,"minecraft:redstone_ore":9,"minecraft:furnace":9,"minecraft:carrots":2,"minecraft:andesite":18,"minecraft:stripped_spruce_log":10,"minecraft:gold_block":3,"minecraft:mossy_stone_brick_stairs":1,"minecraft:potatoes":1,"minecraft:deepslate_iron_ore":159,"minecraft:vine":3,"minecraft:stripped_oak_log":2,"minecraft:stone":1131,"minecraft:smithing_table":1,"minecraft:birch_stairs":8,"minecraft:crafting_table":20,"minecraft:emerald_ore":4,"minecraft:sculk_sensor":1,"minecraft:tall_grass":21,"minecraft:lapis_ore":2,"minecraft:deepslate_gold_ore":53,"minecraft:sculk":1,"minecraft:diorite":6,"minecraft:spruce_stairs":1,"minecraft:birch_planks":9,"minecraft:spruce_log":16,"minecraft:yellow_bed":1,"minecraft:coal_ore":259,"minecraft:sunflower":8,"minecraft:cobweb":22,"minecraft:mossy_stone_bricks":1,"minecraft:gold_ore":6,"minecraft:birch_fence":3},"minecraft:killed_by":{"grimoireofgaia:cecaelia":4,"grimoireofgaia:bone_knight":1,"grimoireofgaia:minotaurus":1,"grimoireofgaia:harpy":3,"grimoireofgaia:banshee":2,"grimoireofgaia:dwarf":4,"grimoireofgaia:cobblestone_golem":2,"grimoireofgaia:ender_eye":1,"grimoireofgaia:sporeling":1,"grimoireofgaia:satyress":1,"grimoireofgaia:valkyrie":1},"minecraft:killed":{"minecraft:cave_spider":3,"minecraft:spider":13,"grimoireofgaia:sporeling":1,"grimoireofgaia:minotaurus":9,"minecraft:skeleton":21,"grimoireofgaia:mimic":2,"minecraft:chicken":1,"minecraft:silverfish":1,"hmag:catoblepas":1,"minecraft:pig":6,"grimoireofgaia:banshee":2,"grimoireofgaia:bone_knight":1,"minecraft:iron_golem":1,"grimoireofgaia:cobblestone_golem":1,"minecraft:creeper":2,"minecraft:sheep":12,"minecraft:pillager":13,"minecraft:zombie":24,"grimoireofgaia:deathword":1,"grimoireofgaia:harpy":25,"grimoireofgaia:dryad":3,"minecraft:cow":8,"grimoireofgaia:satyress":2,"hmag:skeleton_girl":2,"grimoireofgaia:centaur":4,"grimoireofgaia:bee":3,"hmag:zombie_girl":5,"minecraft:drowned":8,"grimoireofgaia:dwarf":1,"grimoireofgaia:dullahan":24,"grimoireofgaia:cyan_flower":1,"hmag:ghost":8,"grimoireofgaia:gryphon":3,"grimoireofgaia:cecaelia":5,"grimoireofgaia:horse":2,"grimoireofgaia:matango":1,"grimoireofgaia:werecat":2,"grimoireofgaia:kobold":1,"minecraft:enderman":2},"minecraft:crafted":{"minecraft:smooth_stone":3,"minecraft:oak_planks":20,"minecraft:barrel":4,"minecraft:dark_oak_boat":1,"minecraft:birch_boat":2,"minecraft:cooked_chicken":1,"minecraft:birch_slab":12,"minecraft:stone":3,"minecraft:cobblestone_stairs":20,"minecraft:glass":18,"minecraft:iron_boots":1,"minecraft:birch_fence_gate":1,"minecraft:chest":39,"minecraft:stone_hoe":1,"minecraft:deepslate":1,"minecraft:cooked_porkchop":5,"minecraft:crafting_table":11,"minecraft:spruce_planks":40,"travelersbackpack:standard":1,"minecraft:iron_helmet":4,"minecraft:wooden_pickaxe":1,"minecraft:birch_planks":364,"minecraft:wooden_hoe":1,"minecraft:dark_oak_slab":6,"minecraft:iron_chestplate":2,"minecraft:diamond_pickaxe":1,"minecraft:birch_fence":36,"minecraft:stick":128,"minecraft:iron_ingot":236,"minecraft:iron_pickaxe":8,"minecraft:iron_block":3,"minecraft:stone_sword":2,"minecraft:gold_ingot":58,"minecraft:composter":1,"minecraft:birch_stairs":36,"minecraft:shears":2,"minecraft:wooden_sword":1,"minecraft:furnace":2,"minecraft:blast_furnace":1,"minecraft:mushroom_stew":9,"minecraft:bone_meal":39,"travelersbackpack:white_sleeping_bag":1,"minecraft:iron_axe":2,"minecraft:stone_pickaxe":2,"minecraft:dark_oak_planks":672,"grimoireofgaia:cursed_metal_sword":2,"minecraft:wheat":306,"minecraft:cooked_beef":8,"minecraft:dark_oak_stairs":44,"travelersbackpack:backpack_tank":2,"minecraft:dried_kelp":2,"minecraft:iron_sword":5,"minecraft:bowl":20,"minecraft:bucket":2,"minecraft:stone_axe":4,"minecraft:jungle_planks":96,"minecraft:bread":102,"minecraft:air":0,"minecraft:wooden_axe":3,"minecraft:iron_shovel":2,"minecraft:iron_leggings":4,"minecraft:anvil":1,"minecraft:white_bed":3,"minecraft:torch":244}},"DataVersion":3465}