{"stats":{"minecraft:crafted":{"minecraft:smooth_stone":9,"minecraft:oak_planks":292,"minecraft:barrel":4,"minecraft:dark_oak_boat":1,"minecraft:cooked_chicken":1,"minecraft:birch_boat":2,"minecraft:birch_slab":12,"minecraft:stone":9,"minecraft:cobblestone_stairs":20,"minecraft:cooked_mutton":27,"minecraft:glass":18,"minecraft:iron_boots":2,"minecraft:birch_fence_gate":1,"grimoireofgaia:metal_dagger":2,"minecraft:chest":39,"minecraft:stone_hoe":1,"minecraft:deepslate":1,"minecraft:emerald":15,"minecraft:cooked_porkchop":5,"minecraft:crafting_table":13,"minecraft:spruce_planks":40,"travelersbackpack:standard":1,"minecraft:iron_helmet":6,"minecraft:wooden_pickaxe":1,"minecraft:birch_planks":364,"minecraft:iron_chestplate":4,"minecraft:dark_oak_slab":6,"minecraft:wooden_hoe":1,"minecraft:diamond_pickaxe":1,"minecraft:shield":1,"minecraft:iron_pickaxe":9,"minecraft:birch_fence":36,"minecraft:stick":200,"minecraft:iron_ingot":248,"minecraft:iron_block":3,"minecraft:stone_sword":2,"minecraft:gold_ingot":58,"minecraft:composter":1,"minecraft:dark_oak_fence_gate":2,"minecraft:birch_stairs":36,"minecraft:shears":2,"minecraft:wooden_sword":1,"minecraft:smooth_stone_slab":12,"minecraft:furnace":3,"minecraft:blast_furnace":1,"minecraft:mushroom_stew":9,"minecraft:bone_meal":39,"minecraft:dark_oak_fence":36,"travelersbackpack:white_sleeping_bag":1,"minecraft:iron_axe":4,"minecraft:stone_pickaxe":2,"minecraft:spruce_boat":2,"minecraft:dark_oak_planks":672,"grimoireofgaia:cursed_metal_sword":2,"minecraft:wheat":306,"minecraft:cooked_beef":8,"minecraft:dark_oak_stairs":44,"minecraft:enchanting_table":1,"travelersbackpack:backpack_tank":2,"minecraft:dried_kelp":13,"minecraft:iron_sword":8,"minecraft:bowl":20,"minecraft:bucket":2,"minecraft:stone_axe":4,"minecraft:jungle_planks":100,"minecraft:bread":102,"minecraft:air":0,"minecraft:oak_stairs":168,"minecraft:wooden_axe":3,"minecraft:iron_shovel":4,"minecraft:iron_leggings":6,"minecraft:armor_stand":4,"minecraft:anvil":1,"minecraft:white_bed":3,"minecraft:torch":292},"minecraft:picked_up":{"minecraft:iron_chestplate":1,"minecraft:wheat":6,"minecraft:anvil":1,"minecraft:smithing_table":1,"minecraft:oak_stairs":11,"minecraft:enchanted_book":2,"minecraft:string":2,"minecraft:gold_nugget":22,"minecraft:cobbled_deepslate":169,"minecraft:bucket":2,"minecraft:iron_pickaxe":4,"minecraft:dark_oak_door":6,"minecraft:iron_boots":3,"minecraft:furnace":11,"grimoireofgaia:taproot":5,"minecraft:tipped_arrow":4,"minecraft:golden_helmet":1,"minecraft:stick":100,"minecraft:composter":9,"minecraft:oak_fence":12,"minecraft:torch":122,"hmag:diamond_fragment":1,"minecraft:spruce_stairs":2,"minecraft:porkchop":14,"minecraft:cherry_log":70,"tombstone:grave_dust":34,"minecraft:diorite":5,"grimoireofgaia:deco_nest_harpy":2,"minecraft:rotten_flesh":46,"minecraft:red_tulip":1,"minecraft:obsidian":12,"minecraft:cobblestone":1432,"minecraft:birch_log":137,"minecraft:pink_petals":43,"grimoireofgaia:metal_dagger":5,"minecraft:feather":29,"minecraft:jungle_log":46,"minecraft:birch_slab":10,"minecraft:andesite":20,"minecraft:dark_oak_boat":9,"minecraft:smoker":1,"minecraft:potato":1,"minecraft:tuff":8,"minecraft:map":1,"minecraft:lapis_lazuli":147,"minecraft:dirt":993,"hmag:evil_crystal_fragment":1,"minecraft:name_tag":2,"minecraft:leather_boots":2,"minecraft:glass":2,"minecraft:bone":31,"travelersbackpack:backpack_tank":2,"minecraft:bow":1,"minecraft:wheat_seeds":53,"minecraft:raw_gold":58,"minecraft:bell":1,"minecraft:grindstone":5,"minecraft:mossy_stone_bricks":1,"minecraft:rabbit":2,"minecraft:oak_planks":4,"minecraft:cooked_porkchop":2,"hmag:soul_powder":3,"tombstone:scroll_of_feather_fall":1,"grimoireofgaia:emerald_shard":2,"minecraft:birch_fence_gate":2,"minecraft:sand":42,"minecraft:stripped_spruce_log":10,"minecraft:grass_block":3,"minecraft:jungle_slab":1,"minecraft:dark_oak_log":248,"minecraft:barrel":6,"minecraft:mossy_cobblestone":4,"grimoireofgaia:shiny_pearl":22,"minecraft:bundle":3,"minecraft:clay":2,"minecraft:deepslate":3,"minecraft:diamond":5,"waystones:waystone":1,"tombstone:tablet_of_recall":2,"minecraft:crossbow":1,"minecraft:bone_meal":2,"minecraft:emerald":4,"minecraft:bread":1,"minecraft:oak_sapling":177,"minecraft:netherrack":1,"minecraft:dark_oak_fence":1,"minecraft:crafting_table":22,"minecraft:azure_bluet":1,"grimoireofgaia:soulfire":74,"minecraft:chicken":1,"minecraft:brown_mushroom":39,"minecraft:gold_block":2,"minecraft:shield":1,"minecraft:iron_axe":1,"minecraft:iron_shovel":1,"minecraft:birch_fence":8,"grimoireofgaia:honeydew":1,"minecraft:beef":20,"minecraft:jungle_sapling":12,"minecraft:iron_nugget":171,"minecraft:poppy":42,"minecraft:sugar_cane":2,"minecraft:chest":9,"minecraft:birch_sapling":41,"minecraft:egg":8,"minecraft:dark_oak_sapling":32,"minecraft:raw_iron":376,"grimoireofgaia:meat":9,"grimoireofgaia:box_gold":1,"minecraft:bowl":27,"minecraft:spruce_fence":2,"minecraft:carrot":389,"minecraft:redstone":87,"minecraft:dark_oak_planks":77,"minecraft:tnt":4,"minecraft:arrow":46,"minecraft:beetroot_seeds":1,"minecraft:shears":1,"minecraft:hay_block":34,"grimoireofgaia:cursed_metal_sword":4,"minecraft:saddle":1,"minecraft:gold_ingot":62,"grimoireofgaia:weapon_book":1,"minecraft:glow_berries":4,"minecraft:mutton":16,"minecraft:white_wool":17,"minecraft:stripped_oak_log":2,"minecraft:glow_ink_sac":8,"minecraft:leather":30,"minecraft:jungle_fence":1,"minecraft:red_mushroom":75,"minecraft:birch_planks":13,"minecraft:filled_map":2,"minecraft:oak_log":284,"minecraft:yellow_bed":1,"minecraft:gunpowder":2,"minecraft:cobblestone_stairs":5,"minecraft:paper":4,"tombstone:gift":2,"minecraft:cooked_mutton":2,"minecraft:coast_armor_trim_smithing_template":2,"minecraft:apple":21,"minecraft:kelp":32,"minecraft:rabbit_hide":2,"grimoireofgaia:golden_apple_pie_slice":1,"minecraft:iron_ingot":349,"minecraft:stripped_oak_wood":4,"minecraft:glass_bottle":1,"minecraft:iron_sword":5,"minecraft:acacia_sapling":3,"minecraft:dark_oak_stairs":2,"minecraft:book":1,"minecraft:dark_oak_slab":3,"minecraft:birch_boat":10,"minecraft:pumpkin":2,"minecraft:dandelion":11,"minecraft:gravel":1,"minecraft:lava_bucket":1,"minecraft:birch_stairs":23,"minecraft:spruce_sapling":2,"minecraft:blast_furnace":5,"minecraft:white_bed":4,"minecraft:spruce_log":30,"grimoireofgaia:box_iron":3,"minecraft:spider_eye":5,"travelersbackpack:standard":8,"minecraft:pumpkin_seeds":4,"minecraft:stone_axe":2,"minecraft:cherry_sapling":48,"minecraft:gray_wool":1,"minecraft:baked_potato":2,"minecraft:melon_seeds":12,"minecraft:coal":740,"minecraft:sunflower":1,"minecraft:ender_pearl":2},"minecraft:killed":{"minecraft:cave_spider":4,"minecraft:spider":15,"grimoireofgaia:sporeling":1,"grimoireofgaia:minotaurus":15,"minecraft:skeleton":23,"grimoireofgaia:mimic":2,"minecraft:chicken":1,"minecraft:silverfish":1,"hmag:catoblepas":1,"grimoireofgaia:spriggan":2,"minecraft:pig":6,"grimoireofgaia:banshee":6,"grimoireofgaia:bone_knight":1,"grimoireofgaia:cobblestone_golem":1,"minecraft:iron_golem":1,"minecraft:creeper":2,"minecraft:sheep":12,"minecraft:pillager":13,"minecraft:zombie":35,"grimoireofgaia:deathword":1,"grimoireofgaia:harpy":33,"grimoireofgaia:dryad":3,"minecraft:cow":8,"grimoireofgaia:satyress":3,"hmag:skeleton_girl":2,"grimoireofgaia:centaur":4,"grimoireofgaia:bee":3,"hmag:zombie_girl":9,"minecraft:drowned":8,"grimoireofgaia:dwarf":2,"grimoireofgaia:dullahan":43,"hmag:ghost":9,"grimoireofgaia:cyan_flower":1,"grimoireofgaia:gryphon":3,"grimoireofgaia:cecaelia":25,"grimoireofgaia:horse":4,"grimoireofgaia:arachne":1,"grimoireofgaia:matango":1,"grimoireofgaia:werecat":3,"grimoireofgaia:kobold":1,"minecraft:enderman":3},"minecraft:dropped":{"minecraft:clay":1,"minecraft:iron_sword":11,"minecraft:birch_planks":5,"minecraft:lapis_lazuli":6,"minecraft:oak_log":33,"minecraft:glow_ink_sac":3,"minecraft:glass_bottle":2,"minecraft:dark_oak_sapling":3,"minecraft:dark_oak_slab":6,"minecraft:jungle_fence":1,"minecraft:crossbow":2,"minecraft:leather":3,"minecraft:saddle":1,"travelersbackpack:standard":2,"minecraft:rail":8,"minecraft:birch_slab":5,"minecraft:dirt":227,"minecraft:birch_fence":5,"minecraft:dark_oak_log":16,"minecraft:mutton":12,"minecraft:gold_nugget":14,"minecraft:wooden_sword":1,"minecraft:sunflower":1,"minecraft:sand":4,"minecraft:iron_pickaxe":6,"minecraft:stripped_oak_wood":2,"minecraft:dark_oak_planks":32,"minecraft:birch_stairs":14,"minecraft:gold_ingot":2,"minecraft:bone":14,"minecraft:stone_axe":2,"minecraft:iron_nugget":97,"minecraft:cobbled_deepslate":39,"minecraft:wheat":4,"minecraft:birch_sapling":38,"minecraft:rotten_flesh":32,"minecraft:oak_planks":4,"minecraft:white_bed":2,"minecraft:carrot":35,"minecraft:birch_fence_gate":2,"minecraft:poppy":42,"minecraft:rabbit_hide":2,"minecraft:tipped_arrow":2,"minecraft:gunpowder":2,"minecraft:beetroot_seeds":1,"minecraft:melon_seeds":12,"minecraft:chest":1,"minecraft:leather_boots":2,"minecraft:acacia_sapling":3,"grimoireofgaia:metal_dagger":1,"minecraft:leather_leggings":1,"minecraft:arrow":37,"minecraft:glass":8,"minecraft:netherrack":1,"minecraft:egg":3,"tombstone:scroll_of_feather_fall":1,"minecraft:enchanted_book":5,"minecraft:golden_boots":1,"minecraft:iron_ingot":89,"minecraft:bread":1,"grimoireofgaia:emerald_shard":2,"minecraft:wheat_seeds":17,"minecraft:tnt":2,"minecraft:iron_helmet":3,"minecraft:feather":29,"minecraft:cobblestone":88,"minecraft:apple":1,"grimoireofgaia:shiny_pearl":2,"minecraft:spruce_stairs":1,"hmag:diamond_fragment":1,"minecraft:coal":40,"minecraft:mushroom_stew":4,"minecraft:stick":23,"minecraft:jungle_slab":1,"minecraft:diorite":5,"minecraft:wooden_hoe":1,"minecraft:torch":17,"tombstone:grave_key":1,"tombstone:grave_dust":33,"minecraft:iron_leggings":4,"minecraft:iron_axe":2,"minecraft:paper":4,"minecraft:string":2,"minecraft:pink_petals":4,"hmag:evil_crystal_fragment":1,"minecraft:dandelion":7,"minecraft:redstone":44,"grimoireofgaia:weapon_book":1,"minecraft:furnace":3,"minecraft:kelp":22,"hmag:soul_powder":3,"minecraft:bowl":3,"minecraft:deepslate":4,"minecraft:tuff":8,"minecraft:raw_iron":65,"minecraft:iron_boots":3,"minecraft:name_tag":1,"minecraft:spruce_fence":2,"minecraft:shears":1,"minecraft:pumpkin_seeds":2,"grimoireofgaia:deco_nest_harpy":1,"minecraft:filled_map":8,"grimoireofgaia:soulfire":42,"minecraft:shield":1,"minecraft:spruce_planks":8,"minecraft:bundle":3,"minecraft:iron_chestplate":4,"minecraft:andesite":12,"minecraft:mossy_stone_bricks":1,"minecraft:golden_leggings":1,"minecraft:oak_sapling":65,"minecraft:spider_eye":3,"minecraft:birch_boat":1,"minecraft:red_tulip":1},"minecraft:custom":{"minecraft:interact_with_crafting_table":117,"minecraft:open_barrel":14,"minecraft:bell_ring":32,"minecraft:leave_game":11,"minecraft:time_since_death":476,"minecraft:sprint_one_cm":1771766,"minecraft:damage_blocked_by_shield":3070,"minecraft:drop":373,"minecraft:talked_to_villager":212,"minecraft:play_time":727309,"minecraft:deaths":33,"minecraft:jump":9757,"minecraft:walk_on_water_one_cm":167598,"minecraft:enchant_item":1,"minecraft:interact_with_furnace":71,"minecraft:traded_with_villager":15,"minecraft:sleep_in_bed":21,"minecraft:damage_dealt":112990,"minecraft:player_kills":2,"minecraft:crouch_one_cm":107495,"tombstone:undead_killed":93,"minecraft:interact_with_smoker":6,"minecraft:inspect_dispenser":3,"minecraft:interact_with_smithing_table":1,"minecraft:interact_with_anvil":4,"minecraft:mob_kills":322,"minecraft:damage_dealt_resisted":2437,"minecraft:climb_one_cm":3847,"minecraft:walk_one_cm":2108080,"minecraft:sneak_time":37967,"minecraft:walk_under_water_one_cm":189938,"minecraft:boat_one_cm":1214774,"minecraft:interact_with_blast_furnace":38,"minecraft:total_world_time":727309,"tombstone:raider_killed":13,"minecraft:time_since_rest":237,"minecraft:damage_taken":22511,"minecraft:damage_absorbed":80,"minecraft:swim_one_cm":242353,"minecraft:fly_one_cm":1422974,"minecraft:open_chest":408,"minecraft:fall_one_cm":222801},"minecraft:used":{"minecraft:iron_shovel":767,"minecraft:poppy":1,"minecraft:chest":44,"minecraft:shield":110,"minecraft:iron_sword":2374,"grimoireofgaia:soulfire":18,"minecraft:rotten_flesh":13,"grimoireofgaia:deco_nest_harpy":1,"minecraft:carrot":301,"minecraft:spruce_boat":1,"grimoireofgaia:honeydew":1,"hmag:bat_stew":2,"minecraft:lava_bucket":1,"minecraft:iron_helmet":1,"minecraft:dark_oak_boat":10,"minecraft:oak_sapling":12,"minecraft:furnace":9,"minecraft:cooked_cod":6,"grimoireofgaia:meat":8,"minecraft:egg":4,"minecraft:dark_oak_sapling":26,"minecraft:golden_boots":1,"minecraft:dark_oak_stairs":24,"minecraft:stone_pickaxe":198,"minecraft:wooden_pickaxe":5,"minecraft:composter":10,"minecraft:golden_apple":2,"minecraft:white_wool":1,"minecraft:glow_berries":4,"minecraft:mushroom_stew":5,"minecraft:blast_furnace":6,"minecraft:birch_fence":34,"minecraft:birch_fence_gate":1,"minecraft:bread":131,"minecraft:gravel":1,"grimoireofgaia:taproot":3,"minecraft:smithing_table":1,"minecraft:grindstone":5,"minecraft:wooden_sword":7,"minecraft:stripped_oak_wood":2,"minecraft:dark_oak_fence":14,"minecraft:andesite":8,"minecraft:birch_log":14,"minecraft:smooth_stone_slab":7,"minecraft:bone_meal":37,"minecraft:golden_pickaxe":7,"minecraft:oak_fence":12,"minecraft:enchanting_table":1,"minecraft:stone_sword":265,"minecraft:flint_and_steel":8,"minecraft:armor_stand":4,"minecraft:dried_kelp":13,"minecraft:spruce_planks":18,"minecraft:cooked_chicken":1,"minecraft:stone_hoe":17,"minecraft:torch":405,"minecraft:dirt":736,"minecraft:anvil":2,"minecraft:wheat":1,"minecraft:dark_oak_planks":107,"minecraft:wooden_axe":191,"minecraft:iron_axe":776,"minecraft:oak_stairs":142,"minecraft:iron_boots":2,"minecraft:barrel":10,"minecraft:beef":6,"tombstone:gift":9,"minecraft:cooked_beef":8,"minecraft:cobbled_deepslate":121,"minecraft:cherry_log":2,"minecraft:iron_leggings":2,"minecraft:wheat_seeds":18,"minecraft:cooked_mutton":29,"minecraft:water_bucket":26,"minecraft:cobblestone_stairs":17,"minecraft:rabbit":1,"minecraft:birch_planks":88,"minecraft:baked_potato":2,"minecraft:birch_boat":10,"minecraft:mossy_cobblestone":1,"minecraft:crafting_table":29,"minecraft:white_bed":5,"minecraft:spider_eye":1,"minecraft:dark_oak_fence_gate":2,"hmag:spectral_soup":1,"minecraft:dark_oak_door":6,"minecraft:smoker":1,"minecraft:oak_log":89,"minecraft:wooden_hoe":49,"minecraft:diamond_pickaxe":21,"minecraft:apple":33,"minecraft:iron_pickaxe":2315,"minecraft:map":2,"tombstone:magic_scroll":10,"minecraft:golden_leggings":1,"minecraft:stone_axe":371,"minecraft:potion":1,"travelersbackpack:standard":4,"minecraft:cobblestone":400,"minecraft:cooked_porkchop":7,"minecraft:bucket":28,"minecraft:yellow_bed":1,"minecraft:birch_stairs":45},"minecraft:mined":{"minecraft:dark_oak_planks":31,"minecraft:spruce_planks":5,"minecraft:white_bed":4,"minecraft:jungle_slab":2,"minecraft:cherry_log":79,"minecraft:sculk_vein":2,"minecraft:cobblestone_stairs":1,"minecraft:jungle_leaves":3,"minecraft:obsidian":12,"minecraft:granite":3,"minecraft:grass_block":383,"minecraft:jungle_log":22,"minecraft:frosted_ice":1,"minecraft:composter":9,"minecraft:spawner":1,"minecraft:tall_seagrass":3,"minecraft:iron_ore":147,"minecraft:barrel":6,"minecraft:fire":18,"minecraft:pumpkin":1,"minecraft:anvil":1,"minecraft:deepslate_lapis_ore":6,"minecraft:azure_bluet":1,"minecraft:dark_oak_stairs":2,"minecraft:dirt_path":110,"minecraft:oak_stairs":11,"minecraft:tripwire":2,"minecraft:kelp_plant":15,"minecraft:smoker":1,"minecraft:powder_snow":1,"minecraft:torch":2,"minecraft:blast_furnace":5,"minecraft:poppy":16,"minecraft:chest":9,"minecraft:mushroom_stem":16,"minecraft:cobblestone":64,"minecraft:sugar_cane":1,"minecraft:grindstone":5,"minecraft:wall_torch":9,"minecraft:pink_petals":13,"minecraft:seagrass":1,"minecraft:dark_oak_door":3,"minecraft:birch_log":137,"minecraft:wheat":4,"minecraft:stripped_oak_wood":4,"minecraft:grass":236,"minecraft:oak_log":223,"minecraft:beetroots":1,"minecraft:dark_oak_sapling":6,"minecraft:sand":27,"minecraft:dirt":339,"minecraft:red_mushroom_block":72,"minecraft:netherrack":1,"minecraft:oak_leaves":23,"minecraft:deepslate":187,"minecraft:infested_deepslate":1,"minecraft:tuff":14,"grimoireofgaia:deco_nest_harpy":1,"minecraft:mossy_cobblestone":4,"minecraft:deepslate_diamond_ore":5,"minecraft:dark_oak_log":168,"minecraft:birch_fence_gate":1,"minecraft:dark_oak_fence":1,"minecraft:spruce_fence":2,"minecraft:redstone_wire":1,"minecraft:brown_mushroom_block":45,"minecraft:spruce_leaves":9,"minecraft:kelp":11,"minecraft:hay_block":34,"minecraft:redstone_ore":9,"minecraft:furnace":10,"minecraft:carrots":176,"minecraft:andesite":18,"minecraft:stripped_spruce_log":10,"minecraft:gold_block":3,"minecraft:bell":1,"minecraft:mossy_stone_brick_stairs":1,"minecraft:potatoes":1,"minecraft:deepslate_iron_ore":159,"minecraft:vine":3,"minecraft:stripped_oak_log":2,"minecraft:stone":1378,"minecraft:white_wool":1,"minecraft:smithing_table":1,"minecraft:birch_stairs":8,"minecraft:dandelion":4,"travelersbackpack:standard":6,"minecraft:oak_fence":12,"minecraft:crafting_table":21,"minecraft:emerald_ore":4,"minecraft:sculk_sensor":1,"minecraft:tall_grass":24,"minecraft:lapis_ore":2,"minecraft:deepslate_gold_ore":53,"minecraft:sculk":1,"minecraft:diorite":6,"minecraft:spruce_stairs":3,"minecraft:birch_planks":13,"minecraft:jungle_fence":1,"minecraft:spruce_log":16,"minecraft:yellow_bed":1,"minecraft:coal_ore":339,"minecraft:sunflower":8,"minecraft:cobweb":22,"minecraft:mossy_stone_bricks":1,"minecraft:gold_ore":6,"minecraft:birch_fence":3},"minecraft:broken":{"minecraft:golden_helmet":1,"minecraft:iron_shovel":3,"minecraft:iron_leggings":1,"minecraft:stone_pickaxe":2,"minecraft:stone_axe":4,"minecraft:iron_sword":3,"minecraft:wooden_axe":3,"minecraft:stone_sword":2,"minecraft:iron_axe":2,"minecraft:iron_pickaxe":7,"minecraft:iron_helmet":2},"minecraft:killed_by":{"grimoireofgaia:cecaelia":10,"grimoireofgaia:bone_knight":1,"grimoireofgaia:dullahan":1,"grimoireofgaia:minotaurus":3,"grimoireofgaia:harpy":3,"grimoireofgaia:banshee":2,"grimoireofgaia:dwarf":4,"grimoireofgaia:cobblestone_golem":2,"grimoireofgaia:ender_eye":1,"grimoireofgaia:sporeling":1,"grimoireofgaia:satyress":1,"grimoireofgaia:werecat":1,"grimoireofgaia:valkyrie":1}},"DataVersion":3465}