{"stats":{"minecraft:killed_by":{"grimoireofgaia:satyress":1,"grimoireofgaia:cecaelia":1,"grimoireofgaia:valkyrie":1,"grimoireofgaia:bone_knight":1,"grimoireofgaia:minotaurus":1,"grimoireofgaia:harpy":2,"grimoireofgaia:banshee":2,"grimoireofgaia:cobblestone_golem":2,"grimoireofgaia:ender_eye":1,"grimoireofgaia:sporeling":1},"minecraft:dropped":{"minecraft:enchanted_book":2,"minecraft:bread":1,"minecraft:wheat_seeds":2,"minecraft:lapis_lazuli":6,"minecraft:glow_ink_sac":3,"minecraft:feather":12,"minecraft:rail":8,"minecraft:coal":40,"minecraft:mushroom_stew":4,"minecraft:dirt":8,"minecraft:birch_fence":5,"minecraft:diorite":5,"tombstone:grave_key":1,"tombstone:grave_dust":6,"minecraft:iron_leggings":1,"minecraft:wooden_sword":1,"minecraft:iron_pickaxe":1,"minecraft:paper":4,"minecraft:string":2,"minecraft:dandelion":1,"minecraft:bone":12,"grimoireofgaia:weapon_book":1,"minecraft:stone_axe":2,"hmag:soul_powder":3,"minecraft:iron_nugget":8,"minecraft:cobbled_deepslate":39,"minecraft:bowl":2,"minecraft:deepslate":4,"minecraft:tuff":8,"minecraft:birch_sapling":29,"minecraft:raw_iron":65,"minecraft:rotten_flesh":14,"minecraft:iron_boots":1,"minecraft:name_tag":1,"minecraft:pumpkin_seeds":1,"minecraft:filled_map":1,"grimoireofgaia:soulfire":1,"minecraft:poppy":8,"minecraft:rabbit_hide":1,"minecraft:gunpowder":2,"minecraft:bundle":2,"minecraft:iron_chestplate":1,"minecraft:andesite":12,"minecraft:melon_seeds":4,"minecraft:spider_eye":1,"minecraft:birch_boat":1},"minecraft:broken":{"minecraft:stone_sword":2,"minecraft:stone_pickaxe":2,"minecraft:stone_axe":4,"minecraft:iron_sword":1,"minecraft:iron_pickaxe":2,"minecraft:wooden_axe":3},"minecraft:used":{"minecraft:stone_sword":265,"minecraft:iron_shovel":197,"minecraft:dried_kelp":2,"minecraft:poppy":1,"minecraft:chest":2,"minecraft:shield":40,"minecraft:iron_sword":382,"minecraft:cooked_chicken":1,"minecraft:rotten_flesh":9,"minecraft:torch":253,"minecraft:dirt":63,"minecraft:carrot":15,"grimoireofgaia:honeydew":1,"hmag:bat_stew":2,"minecraft:wooden_axe":191,"minecraft:iron_axe":159,"minecraft:iron_helmet":1,"minecraft:furnace":5,"tombstone:gift":4,"grimoireofgaia:meat":2,"minecraft:cobbled_deepslate":121,"minecraft:iron_leggings":1,"minecraft:dark_oak_sapling":12,"minecraft:wheat_seeds":7,"minecraft:cooked_mutton":2,"minecraft:water_bucket":17,"minecraft:rabbit":1,"minecraft:birch_planks":15,"minecraft:stone_pickaxe":198,"minecraft:composter":9,"minecraft:wooden_pickaxe":5,"minecraft:birch_boat":2,"minecraft:glow_berries":4,"minecraft:crafting_table":14,"minecraft:mushroom_stew":5,"minecraft:blast_furnace":2,"minecraft:birch_fence":34,"minecraft:oak_log":38,"minecraft:wooden_hoe":48,"minecraft:apple":7,"minecraft:birch_fence_gate":1,"minecraft:bread":61,"minecraft:iron_pickaxe":865,"minecraft:map":1,"grimoireofgaia:taproot":2,"minecraft:gravel":1,"minecraft:stone_axe":371,"minecraft:cobblestone":91,"minecraft:wooden_sword":7,"minecraft:cooked_porkchop":1,"minecraft:bucket":17,"minecraft:andesite":4,"minecraft:birch_log":14,"minecraft:yellow_bed":1,"minecraft:bone_meal":36},"minecraft:picked_up":{"minecraft:iron_chestplate":1,"minecraft:crafting_table":11,"grimoireofgaia:soulfire":17,"minecraft:chicken":1,"minecraft:brown_mushroom":29,"minecraft:enchanted_book":1,"minecraft:shield":1,"minecraft:string":2,"minecraft:birch_fence":8,"minecraft:gold_nugget":6,"minecraft:cobbled_deepslate":169,"grimoireofgaia:honeydew":1,"minecraft:beef":3,"minecraft:jungle_sapling":6,"minecraft:iron_nugget":30,"minecraft:poppy":11,"minecraft:birch_sapling":35,"minecraft:tipped_arrow":1,"minecraft:furnace":5,"minecraft:iron_boots":2,"minecraft:egg":3,"grimoireofgaia:taproot":2,"minecraft:dark_oak_sapling":19,"minecraft:raw_iron":364,"minecraft:stick":61,"grimoireofgaia:meat":2,"minecraft:composter":8,"minecraft:torch":17,"minecraft:bowl":11,"minecraft:spruce_stairs":1,"minecraft:porkchop":4,"tombstone:grave_dust":6,"minecraft:diorite":5,"minecraft:redstone":43,"minecraft:arrow":9,"minecraft:rotten_flesh":23,"minecraft:hay_block":19,"grimoireofgaia:cursed_metal_sword":1,"grimoireofgaia:weapon_book":1,"minecraft:mutton":4,"minecraft:white_wool":4,"minecraft:cobblestone":141,"minecraft:birch_log":92,"minecraft:feather":12,"minecraft:glow_ink_sac":8,"minecraft:andesite":16,"minecraft:jungle_log":24,"minecraft:leather":1,"minecraft:red_mushroom":53,"minecraft:birch_planks":1,"minecraft:oak_log":66,"minecraft:tuff":8,"minecraft:yellow_bed":1,"minecraft:gunpowder":2,"minecraft:map":1,"minecraft:lapis_lazuli":70,"minecraft:dirt":192,"minecraft:paper":4,"minecraft:name_tag":1,"minecraft:cooked_mutton":2,"minecraft:bone":25,"minecraft:apple":5,"minecraft:kelp":1,"minecraft:wheat_seeds":9,"minecraft:raw_gold":58,"minecraft:rabbit_hide":1,"minecraft:iron_ingot":64,"minecraft:rabbit":1,"minecraft:book":1,"minecraft:cooked_porkchop":1,"minecraft:birch_boat":2,"minecraft:pumpkin":1,"hmag:soul_powder":3,"minecraft:dandelion":1,"minecraft:gravel":1,"minecraft:spruce_log":15,"minecraft:spruce_sapling":1,"minecraft:blast_furnace":1,"minecraft:grass_block":1,"grimoireofgaia:box_iron":2,"minecraft:dark_oak_log":128,"minecraft:spider_eye":1,"minecraft:bundle":2,"minecraft:pumpkin_seeds":2,"minecraft:diamond":5,"minecraft:deepslate":3,"minecraft:stone_axe":2,"tombstone:tablet_of_recall":1,"minecraft:gray_wool":1,"minecraft:bread":1,"minecraft:emerald":4,"minecraft:oak_sapling":32,"minecraft:melon_seeds":4,"minecraft:coal":382,"minecraft:ender_pearl":1},"minecraft:custom":{"minecraft:mob_kills":92,"minecraft:interact_with_crafting_table":44,"minecraft:bell_ring":9,"minecraft:leave_game":4,"minecraft:time_since_death":25328,"minecraft:climb_one_cm":2760,"minecraft:sprint_one_cm":683192,"minecraft:walk_one_cm":752337,"minecraft:damage_blocked_by_shield":1195,"minecraft:drop":85,"minecraft:talked_to_villager":18,"minecraft:play_time":248588,"minecraft:sneak_time":17343,"minecraft:deaths":13,"minecraft:walk_under_water_one_cm":21089,"minecraft:boat_one_cm":115200,"minecraft:jump":4068,"minecraft:interact_with_blast_furnace":28,"minecraft:walk_on_water_one_cm":43510,"minecraft:total_world_time":248588,"minecraft:interact_with_furnace":46,"minecraft:sleep_in_bed":8,"minecraft:time_since_rest":610,"minecraft:damage_taken":7404,"minecraft:damage_dealt":31717,"minecraft:player_kills":1,"minecraft:swim_one_cm":26291,"minecraft:fly_one_cm":511909,"minecraft:open_chest":46,"minecraft:crouch_one_cm":46755,"tombstone:undead_killed":37,"minecraft:interact_with_smoker":2,"minecraft:fall_one_cm":96562},"minecraft:mined":{"minecraft:infested_deepslate":1,"minecraft:tuff":14,"minecraft:spruce_planks":5,"minecraft:deepslate_diamond_ore":5,"minecraft:sculk_vein":2,"minecraft:jungle_leaves":3,"minecraft:dark_oak_log":128,"minecraft:granite":3,"minecraft:grass_block":118,"minecraft:jungle_log":22,"minecraft:brown_mushroom_block":45,"minecraft:spruce_leaves":9,"minecraft:composter":8,"minecraft:spawner":1,"minecraft:hay_block":19,"minecraft:redstone_ore":9,"minecraft:furnace":4,"minecraft:iron_ore":135,"minecraft:andesite":18,"minecraft:pumpkin":1,"minecraft:deepslate_lapis_ore":6,"minecraft:dirt_path":12,"minecraft:deepslate_iron_ore":159,"minecraft:vine":3,"minecraft:stone":135,"minecraft:powder_snow":1,"minecraft:torch":2,"minecraft:crafting_table":10,"minecraft:emerald_ore":4,"minecraft:blast_furnace":1,"minecraft:poppy":3,"minecraft:chest":1,"minecraft:sculk_sensor":1,"minecraft:mushroom_stem":16,"minecraft:tall_grass":8,"minecraft:cobblestone":8,"minecraft:deepslate_gold_ore":53,"minecraft:lapis_ore":2,"minecraft:sculk":1,"minecraft:diorite":6,"minecraft:wall_torch":7,"minecraft:spruce_stairs":1,"minecraft:birch_planks":1,"minecraft:birch_log":92,"minecraft:spruce_log":16,"minecraft:yellow_bed":1,"minecraft:grass":66,"minecraft:oak_log":66,"minecraft:coal_ore":226,"minecraft:dark_oak_sapling":4,"minecraft:dirt":76,"minecraft:cobweb":22,"minecraft:red_mushroom_block":72,"minecraft:birch_fence":3,"minecraft:gold_ore":6,"minecraft:deepslate":187},"minecraft:crafted":{"minecraft:wooden_sword":1,"minecraft:smooth_stone":3,"minecraft:birch_boat":2,"minecraft:cooked_chicken":1,"minecraft:birch_slab":12,"minecraft:furnace":1,"minecraft:blast_furnace":1,"minecraft:stone":3,"minecraft:mushroom_stew":9,"minecraft:bone_meal":36,"minecraft:iron_axe":1,"minecraft:birch_fence_gate":1,"minecraft:stone_pickaxe":2,"minecraft:chest":2,"minecraft:dark_oak_planks":40,"minecraft:wheat":171,"minecraft:deepslate":1,"minecraft:crafting_table":5,"minecraft:iron_helmet":1,"minecraft:dried_kelp":2,"minecraft:wooden_pickaxe":1,"minecraft:iron_sword":2,"minecraft:bowl":20,"minecraft:bucket":2,"minecraft:birch_planks":232,"minecraft:stone_axe":4,"minecraft:bread":57,"minecraft:air":0,"minecraft:jungle_planks":8,"minecraft:anvil":1,"minecraft:wooden_hoe":1,"minecraft:iron_chestplate":1,"minecraft:birch_fence":36,"minecraft:diamond_pickaxe":1,"minecraft:stick":108,"minecraft:iron_ingot":236,"minecraft:iron_pickaxe":3,"minecraft:iron_block":3,"minecraft:wooden_axe":3,"minecraft:iron_shovel":2,"minecraft:stone_sword":2,"minecraft:iron_leggings":2,"minecraft:gold_ingot":58,"minecraft:composter":1,"minecraft:torch":244,"minecraft:shears":1},"minecraft:killed":{"minecraft:cave_spider":3,"grimoireofgaia:satyress":2,"minecraft:spider":4,"hmag:skeleton_girl":1,"grimoireofgaia:minotaurus":2,"grimoireofgaia:centaur":1,"minecraft:skeleton":12,"grimoireofgaia:mimic":2,"grimoireofgaia:bee":2,"hmag:zombie_girl":4,"minecraft:chicken":1,"minecraft:silverfish":1,"grimoireofgaia:dullahan":9,"hmag:ghost":7,"minecraft:pig":2,"grimoireofgaia:banshee":1,"grimoireofgaia:bone_knight":1,"grimoireofgaia:cobblestone_golem":1,"grimoireofgaia:cecaelia":1,"minecraft:creeper":2,"minecraft:sheep":3,"grimoireofgaia:horse":1,"minecraft:zombie":11,"grimoireofgaia:deathword":1,"grimoireofgaia:harpy":7,"grimoireofgaia:werecat":1,"grimoireofgaia:dryad":3,"minecraft:cow":1,"minecraft:enderman":2}},"DataVersion":3465}